"","Q1","Q2","Q3","Q4","Q5","Q6","Q7","Q8","Q9","Q10","Q11","Q12","Q13","Q14","Q15"
"1",5,5,3,5,5,5,5,3,4,5,5,5,3,5,5
"2",5,5,5,5,5,3,5,5,1,4,4,5,4,4,5
"3",2,4,1,2,2,2,4,2,2,4,2,4,0,2,4
"4",5,4,1,2,4,5,4,1,4,5,5,5,1,4,5
"5",5,4,1,4,4,5,4,3,1,5,5,5,3,5,5
"6",1,1,1,1,1,1,1,1,1,1,1,1,1,1,1
"7",4,3,3,3,4,3,3,4,2,3,3,2,2,3,4
"8",5,4,3,3,4,5,5,5,5,5,5,5,3,4,5
"9",1,1,1,1,1,1,1,1,1,1,1,1,1,1,1
"10",1,2,1,1,1,5,1,1,1,4,1,1,1,1,5
"11",4,4,4,5,5,5,4,4,2,5,4,2,2,1,5
"12",5,5,1,5,5,5,3,1,1,5,5,5,1,5,5
"13",5,4,2,4,5,5,3,3,5,3,4,3,3,3,5
"14",5,4,4,5,4,5,5,5,5,5,5,5,4,4,5
"15",5,4,5,5,5,5,5,5,5,5,4,3,5,5,5
"16",4,4,2,5,5,4,5,1,3,5,4,5,4,5,5
"17",4,4,1,3,4,2,4,1,1,4,4,1,1,4,4
"18",2,1,1,1,1,1,1,1,1,2,2,1,1,1,2
"19",4,2,1,1,1,1,1,1,1,3,2,2,1,2,3
"20",5,2,1,3,4,3,2,3,4,4,4,2,4,4,4
"21",3,1,1,1,1,2,1,1,1,1,1,1,1,2,2
"22",3,2,4,3,4,3,3,4,2,3,3,2,4,2,3
"23",4,5,1,3,4,4,4,1,1,4,3,4,1,3,5
"24",5,5,5,5,5,5,5,5,5,5,5,5,2,5,5
"25",5,5,5,5,5,5,5,5,5,5,5,5,5,5,5
"26",1,1,1,1,2,2,1,1,1,1,1,1,1,1,3
"27",2,1,1,1,3,3,2,4,1,5,1,1,1,1,4
"28",4,1,1,2,1,2,1,1,1,2,4,1,1,3,4
"29",3,1,1,1,1,5,1,1,5,2,4,1,1,4,5
"30",4,4,2,4,4,4,4,4,4,4,5,4,3,4,5
"31",3,3,3,1,4,1,5,3,1,5,1,1,3,5,5
"32",5,1,3,5,5,5,2,5,4,4,5,2,3,4,5
"33",4,5,1,4,4,4,5,1,4,5,4,5,1,4,4
"34",4,5,2,2,4,3,4,2,1,4,3,3,1,2,3
"35",4,5,1,1,1,1,5,1,1,5,3,3,1,2,4
"36",5,5,5,5,5,5,5,5,5,5,5,5,5,5,5
"37",5,5,5,4,4,5,2,5,2,5,5,4,5,5,5
"38",4,1,1,2,4,3,1,3,1,3,5,1,1,2,4
"39",2,3,3,2,3,4,2,2,3,4,5,2,3,3,5
"40",2,3,2,2,4,1,3,2,3,2,3,4,2,3,4
"41",5,3,1,4,5,5,3,3,2,5,4,4,1,4,5
"42",1,2,2,1,3,1,1,1,1,4,4,1,2,2,4
"43",5,4,4,4,4,5,4,2,5,5,5,4,3,5,5
"44",2,1,1,1,1,2,2,1,1,1,4,2,1,3,4
"45",4,3,1,5,5,5,4,1,4,5,5,1,1,5,5
"46",2,1,1,1,1,1,1,1,1,3,2,1,1,1,4
"47",4,1,1,4,5,5,1,4,1,1,4,1,2,4,5
"48",5,5,2,4,4,4,5,2,2,2,2,5,1,2,4
"49",3,0,1,2,3,1,2,2,4,2,4,2,1,3,4
"50",5,1,1,3,4,3,1,1,1,3,1,1,1,2,5
"51",5,4,0,3,1,5,2,1,1,1,5,5,1,1,5
"52",4,3,3,4,5,4,3,3,2,4,4,4,2,5,5
"53",3,3,5,2,4,5,3,5,2,4,3,4,4,5,4
"54",2,1,1,2,2,1,1,1,1,4,2,2,1,2,3
"55",3,5,1,3,2,4,4,1,1,1,4,4,1,1,3
"56",4,1,1,1,2,2,1,1,1,3,3,1,1,2,3
"57",1,1,3,2,3,2,1,3,1,3,1,1,1,2,4
"58",4,4,3,2,4,3,1,1,2,3,4,4,1,4,5
"59",3,4,5,4,1,3,1,5,5,1,1,1,2,4,5
"60",3,4,3,2,4,5,2,3,1,4,2,3,3,2,5
"61",4,4,1,1,2,4,2,1,1,1,3,2,2,2,5
"62",2,1,1,1,1,1,1,1,1,1,1,1,1,1,5
"63",5,5,4,4,4,5,4,4,3,4,5,4,4,5,5
"64",5,5,5,5,5,5,5,5,4,5,5,5,5,5,5
"65",5,1,1,3,2,1,4,1,1,2,2,1,1,4,5
"66",1,1,1,1,1,4,1,1,1,2,3,1,1,2,5
"67",3,4,5,3,3,4,2,5,2,5,2,3,4,4,5
"68",4,2,1,1,1,1,4,1,1,1,1,1,1,1,5
"69",3,2,2,4,5,3,4,2,4,4,3,2,2,4,5
"70",5,5,3,5,4,5,4,4,5,4,5,5,3,5,4
"71",5,3,2,3,4,4,2,4,2,5,5,2,4,4,5
"72",4,3,5,1,2,5,4,5,1,2,4,2,3,2,5
"73",2,2,1,2,1,3,3,1,4,2,3,1,1,2,3
"74",4,1,1,3,1,3,1,1,2,5,4,2,1,3,5
"75",1,1,1,1,2,1,1,1,1,1,1,1,1,1,3
"76",1,3,1,1,3,1,1,1,1,1,3,1,1,1,1
"77",3,4,3,4,5,3,4,1,4,5,3,4,1,4,5
"78",5,4,3,4,5,5,4,5,1,5,4,4,1,4,5
"79",5,5,5,5,5,5,5,5,5,5,5,5,0,5,5
"80",5,3,4,3,4,5,3,1,1,1,4,1,3,3,5
"81",4,2,4,1,4,3,2,1,1,2,3,2,2,2,4
"82",3,5,3,5,3,3,5,4,3,4,3,5,2,4,5
"83",3,2,2,1,4,2,2,3,2,2,3,2,2,3,3
"84",4,1,1,2,1,4,1,1,1,2,3,1,1,1,3
"85",4,1,1,2,5,4,2,1,1,5,3,3,3,4,5
"86",2,2,3,2,2,3,2,5,2,3,2,2,3,1,4
"87",4,3,1,4,3,4,2,1,1,5,2,1,1,3,5
"88",2,3,1,2,4,4,3,1,1,4,5,4,2,2,5
"89",1,1,1,1,1,4,3,1,1,2,3,1,1,1,4
"90",4,3,1,2,3,3,2,1,1,4,2,1,1,1,4
"91",4,4,1,1,4,1,1,1,1,4,3,1,1,3,4
"92",1,5,1,4,5,1,1,1,2,5,2,2,1,2,5
"93",1,1,1,1,1,1,1,1,1,1,1,1,1,1,1
"94",3,3,1,4,2,4,1,2,2,2,2,3,2,2,4
"95",1,1,1,1,1,1,1,1,1,4,1,1,1,1,4
"96",1,2,1,1,2,1,1,1,1,2,1,1,1,1,2
"97",5,4,1,4,3,4,4,1,2,4,4,3,1,3,4
"98",4,3,2,4,4,4,2,2,3,5,3,2,4,4,4
"99",2,2,4,2,2,1,2,4,1,4,2,2,2,2,4
"100",5,4,3,2,1,4,4,3,4,2,4,4,3,4,5
"101",1,1,1,1,4,4,1,1,2,1,3,1,1,1,4
"102",2,4,1,1,1,1,2,1,1,2,2,1,1,1,4
"103",5,3,4,4,4,5,4,5,4,4,4,3,3,5,5
"104",3,3,1,1,4,1,3,4,4,4,2,3,2,3,2
"105",5,2,1,1,1,1,1,1,3,4,5,1,1,2,4
"106",2,1,1,1,1,2,1,1,1,1,1,1,1,2,1
"107",5,3,1,5,4,5,2,3,1,5,4,3,3,2,5
"108",3,2,1,2,4,3,2,3,4,3,2,3,1,3,4
"109",5,5,1,3,3,5,3,1,1,4,5,3,1,5,5
"110",4,3,3,4,5,4,2,3,3,4,3,3,3,5,5
"111",4,5,1,4,4,4,4,1,1,4,3,2,1,1,4
"112",1,1,1,1,1,1,1,1,1,3,3,1,1,1,4
"113",5,3,1,2,1,5,5,2,2,5,5,5,2,5,5
"114",5,5,1,4,4,5,5,4,4,5,4,4,3,4,5
"115",2,2,2,1,3,2,2,1,1,3,2,2,1,1,2
"116",4,2,1,1,1,4,1,1,2,1,2,2,1,3,3
"117",4,4,4,4,4,3,4,5,3,3,2,4,3,3,4
"118",4,2,3,2,4,3,5,3,3,2,4,4,2,4,4
"119",4,3,1,3,4,4,1,1,3,4,3,1,1,3,4
"120",4,4,4,4,4,5,4,5,5,5,4,5,3,3,4
"121",2,1,1,1,3,2,1,1,1,2,1,1,1,1,4
"122",4,5,1,4,4,2,5,1,1,5,4,4,1,5,5
"123",5,4,3,3,5,4,3,4,4,3,5,3,3,4,5
"124",5,4,3,3,4,4,3,3,2,2,4,3,2,4,4
"125",3,5,4,4,5,5,5,4,2,5,5,4,5,3,5
"126",1,2,1,2,1,1,2,1,1,4,1,1,1,1,4
"127",4,4,4,4,4,4,4,4,4,4,4,4,4,4,4
"128",5,5,2,5,2,4,5,4,2,5,3,4,3,5,5
"129",3,3,1,3,4,3,3,1,3,2,4,4,1,3,4
"130",3,3,1,1,4,2,1,1,1,3,3,1,1,2,5
"131",4,4,2,2,4,5,3,2,3,4,4,4,1,4,4
"132",4,2,1,1,1,2,1,1,1,4,1,1,1,3,3
"133",5,5,1,4,4,4,5,1,1,5,5,5,1,3,5
"134",5,5,5,5,5,5,5,5,2,5,5,5,3,5,5
"135",1,1,1,1,1,1,2,2,1,3,1,1,1,1,1
"136",1,1,1,1,4,1,1,1,1,4,1,1,1,1,5
"137",4,1,1,1,4,1,1,1,1,5,2,1,1,1,5
"138",5,2,1,2,3,1,1,1,1,3,2,4,1,3,5
"139",4,3,1,2,3,3,2,1,1,5,3,2,1,3,5
"140",4,1,1,1,1,4,1,3,4,5,5,1,4,1,5
"141",3,1,1,1,2,3,1,1,1,3,1,3,1,2,3
"142",5,4,4,4,5,5,5,4,5,5,5,4,3,5,5
"143",5,4,4,5,5,5,5,4,5,4,5,4,2,4,5
"144",4,1,1,1,1,1,1,1,1,4,1,1,1,1,4
"145",3,2,4,3,4,2,3,5,1,3,3,2,4,3,5
"146",5,5,2,4,4,5,4,3,1,1,4,5,1,5,5
"147",1,1,1,0,1,1,1,1,1,1,1,1,1,1,2
"148",4,4,1,4,4,3,2,2,2,4,2,2,2,4,4
"149",5,0,1,5,5,5,5,1,1,3,4,4,1,5,5
"150",4,4,2,2,3,2,4,3,3,4,4,4,2,4,2
"151",4,4,1,2,5,2,4,1,1,2,4,4,1,5,5
"152",1,1,1,3,1,1,1,1,1,5,4,1,1,1,4
"153",5,1,1,1,2,1,2,1,1,5,4,2,1,4,5
"154",1,0,1,1,1,1,1,1,1,1,1,1,1,1,1
"155",4,5,2,2,4,5,5,2,5,3,5,5,4,5,5
"156",3,2,1,4,5,4,2,1,1,5,4,2,1,5,5
"157",4,5,2,2,3,4,4,4,2,5,4,4,4,3,5
"158",3,1,2,1,3,3,1,2,2,4,2,3,1,1,5
"159",2,5,1,2,3,3,1,1,5,3,4,1,1,5,4
"160",1,4,1,1,1,1,1,1,3,2,2,1,1,1,1
"161",5,2,1,4,2,5,4,1,1,5,3,2,1,5,5
"162",4,2,3,3,4,3,2,4,3,3,4,2,3,3,4
"163",3,5,1,5,4,4,5,1,2,2,4,4,1,4,5
"164",5,5,2,1,1,1,3,2,1,5,4,5,2,1,5
"165",4,4,2,3,2,2,2,3,2,5,5,3,2,4,4
"166",4,2,1,4,4,2,1,1,1,1,2,3,1,3,5
"167",5,5,1,4,4,5,2,1,5,1,5,4,1,5,5
"168",5,5,1,2,5,4,1,2,2,5,4,4,1,5,5
"169",5,5,1,5,5,5,5,1,4,3,5,5,1,4,5
"170",5,5,3,3,2,5,3,2,4,1,5,1,1,5,5
"171",4,3,2,4,3,3,3,2,2,4,3,3,2,3,4
"172",1,3,2,3,4,3,2,3,2,3,2,2,4,3,4
"173",3,4,1,2,4,2,5,1,2,2,2,4,1,3,5
"174",3,3,2,3,3,3,3,2,3,3,3,2,1,1,4
"175",2,2,2,3,1,4,2,2,1,4,2,2,3,2,2
"176",3,2,1,4,2,5,2,1,2,5,4,2,3,3,5
"177",5,4,5,5,5,5,4,5,5,5,5,5,5,5,5
"178",4,1,1,2,2,1,1,1,1,5,5,1,1,5,5
"179",2,1,1,3,2,3,2,1,1,2,1,1,1,2,4
"180",5,2,5,5,5,5,5,5,5,5,5,5,3,5,5
"181",2,1,1,1,4,1,1,1,1,4,1,1,1,1,4
"182",3,3,1,1,4,2,4,4,2,4,3,1,4,3,5
"183",1,1,2,1,1,1,2,3,1,1,1,1,1,1,1
"184",5,3,3,3,4,4,3,4,3,4,5,3,3,3,5
"185",2,1,1,1,1,1,2,1,1,4,2,2,1,1,4
"186",4,5,1,4,5,3,4,2,1,5,3,4,1,3,5
"187",5,3,1,1,1,4,3,1,1,5,4,2,1,4,5
"188",3,1,3,4,3,3,1,0,2,5,3,3,4,5,5
"189",2,1,1,1,2,1,1,1,1,2,2,1,1,2,1
"190",5,5,2,3,1,5,4,3,1,5,5,5,2,4,5
"191",5,2,4,1,2,1,2,4,1,4,2,2,2,3,5
"192",2,2,1,1,2,3,1,1,1,4,2,2,2,3,2
"193",4,2,1,2,2,2,2,1,2,2,2,2,1,2,4
"194",4,4,3,2,4,1,2,2,3,3,4,3,2,1,2
"195",4,1,1,1,3,4,1,1,1,5,3,1,1,2,3
"196",3,1,1,2,3,4,5,4,1,4,1,1,1,4,4
"197",4,3,1,4,4,4,3,1,1,2,4,4,2,4,5
"198",1,3,1,3,4,4,2,1,1,5,4,2,1,4,5
"199",2,5,1,1,5,1,1,1,4,4,3,1,1,1,4
"200",1,1,1,1,4,1,1,1,1,4,1,1,1,1,4
"201",4,4,3,3,4,4,4,4,3,4,3,5,2,4,5
"202",1,1,1,1,3,4,1,1,1,5,4,1,1,1,5
"203",2,3,1,2,4,2,1,1,1,4,4,1,1,2,5
"204",2,1,1,1,1,1,1,1,1,1,1,1,1,1,3
"205",1,1,5,2,5,1,2,5,2,2,1,1,5,3,4
"206",1,2,1,2,3,1,2,1,2,3,2,2,1,2,3
"207",3,4,3,3,3,4,4,2,4,4,4,3,2,4,4
"208",3,1,1,1,1,1,1,1,1,1,1,1,1,1,5
"209",5,5,1,5,5,3,1,1,1,5,5,1,1,2,5
"210",5,4,1,1,2,3,4,2,1,4,4,5,1,1,5
"211",1,2,1,2,1,1,1,1,1,4,2,2,1,1,4
"212",3,2,2,2,1,4,1,4,2,4,4,1,1,1,3
"213",2,1,0,3,5,4,1,3,1,4,3,1,1,5,5
"214",5,3,1,4,4,4,3,2,1,4,5,2,1,4,5
"215",1,2,1,1,1,1,1,1,1,3,1,1,1,1,3
"216",3,4,1,1,1,4,2,1,1,3,3,3,1,4,5
"217",1,1,1,2,4,1,4,3,4,4,4,1,2,4,4
"218",5,5,2,5,5,5,5,4,5,5,5,5,4,5,5
"219",5,5,5,5,5,5,5,5,5,5,5,5,5,5,5
"220",2,2,1,2,4,2,1,1,1,4,3,2,1,1,4
"221",4,2,1,3,5,4,1,3,2,3,3,2,3,3,5
"222",5,5,3,4,5,5,5,3,2,4,5,5,2,5,5
"223",4,5,1,5,5,4,5,1,5,5,5,5,1,3,5
"224",5,5,3,5,4,5,5,3,5,4,5,5,3,4,5
"225",5,5,1,3,2,5,5,1,5,1,4,5,1,5,5
"226",1,1,1,1,1,1,1,1,1,4,1,1,1,1,4
"227",2,5,5,5,4,4,5,5,1,4,3,3,5,2,4
"228",4,4,1,1,1,4,2,3,1,1,3,2,1,3,4
"229",2,1,1,4,2,3,3,2,1,4,3,2,2,2,4
"230",5,2,1,4,5,5,1,1,1,5,4,3,1,4,5
"231",5,4,3,4,4,4,5,4,2,4,4,4,4,5,5
"232",3,1,3,4,4,2,1,5,1,2,3,1,4,4,5
"233",1,1,1,1,1,1,1,1,1,1,1,1,1,3,4
"234",3,2,1,1,2,4,4,1,1,4,1,2,1,2,4
"235",4,3,2,3,2,3,4,2,2,3,4,2,2,4,4
"236",3,2,3,3,2,4,2,4,3,4,4,2,4,2,4
"237",4,3,5,5,4,4,3,5,5,4,5,3,4,5,5
"238",2,2,3,2,4,2,2,3,2,4,3,2,3,4,4
"239",2,2,1,3,2,1,1,1,2,1,1,1,2,2,2
"240",5,3,3,3,5,4,3,3,5,5,4,3,4,5,5
"241",2,2,1,1,2,2,3,1,1,2,2,2,1,1,4
"242",4,4,2,2,2,4,4,5,1,5,5,4,3,5,5
"243",3,2,1,1,3,3,1,1,3,1,4,1,1,3,5
"244",5,4,4,4,5,5,3,4,2,5,5,3,4,3,5
"245",3,3,5,3,5,5,4,5,5,5,3,2,5,5,5
"246",4,2,1,4,5,2,4,5,2,5,5,4,4,3,5
"247",5,2,1,5,5,5,1,3,5,4,5,4,4,5,5
"248",1,1,1,1,1,1,1,1,1,1,1,1,1,1,1
"249",4,2,1,5,2,5,1,1,1,3,5,1,1,1,5
"250",1,1,1,1,4,1,1,1,1,2,3,1,1,1,3
"251",3,2,1,4,2,4,4,1,1,4,3,4,1,2,5
"252",2,2,2,5,5,4,5,4,5,5,4,4,2,2,2
"253",1,1,1,1,2,1,1,1,1,2,1,1,1,2,3
"254",5,5,5,5,5,5,5,5,5,5,5,5,5,5,5
"255",3,5,1,1,2,2,4,3,2,1,4,5,3,2,5
"256",3,3,1,3,4,3,3,1,2,3,3,3,1,2,4
"257",4,2,5,4,5,2,4,5,5,5,2,4,5,5,5
"258",4,3,1,1,1,2,2,1,1,4,2,2,1,1,4
"259",1,1,1,1,1,1,1,1,1,1,1,0,1,1,5
"260",3,2,1,2,5,3,1,1,2,2,2,2,1,1,5
"261",5,5,5,4,5,5,4,5,4,4,5,5,4,4,5
"262",5,5,5,5,4,2,5,2,5,5,4,3,1,4,5
"263",2,4,2,4,4,2,4,2,2,4,2,2,1,4,4
"264",4,1,4,2,3,4,1,5,2,5,5,3,0,2,5
"265",5,5,1,5,5,5,5,1,5,5,5,5,1,5,5
"266",4,5,2,2,4,5,4,5,2,4,4,5,4,1,4
"267",4,2,4,1,2,2,2,4,3,4,2,2,2,3,4
"268",1,3,1,1,3,3,4,1,1,3,4,1,1,1,5
"269",3,2,1,3,5,4,2,2,2,4,3,2,2,2,4
"270",1,2,2,1,1,1,3,4,2,4,3,1,1,1,5
"271",2,1,1,1,4,3,2,1,2,5,3,1,2,2,4
"272",4,5,3,3,4,5,4,5,2,4,4,3,5,3,5
"273",5,5,1,4,3,3,3,3,5,3,5,4,3,4,5
"274",2,1,1,1,1,1,1,1,2,1,4,1,1,4,4
"275",4,4,2,2,4,2,4,1,2,4,5,4,3,4,4
"276",4,4,1,1,4,3,4,1,1,4,4,4,1,1,4
"277",5,1,1,4,4,5,1,1,1,5,4,1,1,4,4
"278",1,1,1,1,1,2,1,1,1,1,1,1,1,1,2
"279",4,2,1,4,4,4,1,1,1,4,4,1,1,1,5
"280",3,4,1,2,4,2,1,1,1,4,1,1,1,3,5
"281",1,1,2,1,1,1,1,3,1,2,4,2,1,1,5
"282",1,1,1,1,1,1,2,1,1,1,1,1,1,1,2
"283",5,5,3,3,5,3,4,4,4,4,4,4,4,3,4
"284",2,3,1,2,2,2,3,1,1,4,3,2,1,1,4
"285",4,4,3,4,4,4,4,4,4,4,4,4,3,4,4
"286",1,1,1,1,1,1,1,1,1,5,4,2,1,1,4
"287",4,5,3,4,5,5,4,3,5,5,4,4,3,4,5
"288",4,4,3,4,5,4,3,5,3,5,3,3,4,3,3
"289",4,3,4,4,5,5,2,5,4,5,4,2,4,4,5
"290",5,5,2,3,2,5,3,2,4,3,5,5,1,3,5
"291",5,5,2,4,4,4,5,4,3,5,5,4,3,4,5
"292",5,3,1,3,1,5,4,1,1,3,5,2,1,3,5
"293",5,5,5,5,5,5,5,1,2,5,5,5,1,5,5
"294",2,3,1,1,3,3,3,1,1,5,5,2,1,1,5
"295",5,4,4,5,5,5,5,4,5,5,4,4,4,5,5
"296",4,1,1,1,4,2,1,1,2,3,2,2,1,2,5
"297",5,1,1,1,1,1,1,1,1,1,5,1,1,1,4
"298",4,1,1,1,3,2,1,1,1,3,1,1,1,1,1
"299",3,1,1,1,1,2,1,1,1,1,1,1,1,1,4
"300",5,2,1,1,2,3,2,2,4,4,4,2,1,4,2
"301",5,4,4,1,5,5,1,1,1,5,5,1,1,5,5
"302",5,3,2,3,4,5,3,3,3,4,4,4,2,3,5
"303",3,2,1,3,4,4,2,1,2,5,4,2,1,4,4
"304",5,4,3,4,4,5,4,4,2,4,3,4,3,3,4
"305",1,2,1,1,1,1,2,1,1,2,1,2,1,1,4
"306",4,2,1,1,4,4,2,1,4,1,4,1,1,3,5
"307",5,5,2,4,4,5,5,2,1,5,3,5,1,5,3
"308",4,5,1,3,3,3,4,1,1,3,3,3,1,3,5
"309",5,3,1,1,2,1,1,1,1,1,4,1,1,1,5
"310",1,1,1,1,1,1,1,1,1,1,1,1,1,1,1
"311",3,3,1,1,2,3,3,1,1,2,2,2,1,2,4
"312",5,5,3,3,2,4,2,3,2,4,4,4,3,1,5
"313",4,3,4,4,4,5,4,5,4,3,2,1,4,2,5
"314",4,5,1,3,5,2,4,1,1,4,4,5,2,5,5
"315",5,5,1,4,5,4,5,1,1,4,4,5,2,2,4
"316",2,4,1,1,2,1,5,1,2,5,2,3,2,3,5
"317",2,4,1,1,1,2,1,1,1,1,4,1,1,2,3
"318",4,3,2,3,3,5,5,4,1,3,3,4,4,3,3
"319",2,2,2,2,4,2,2,4,1,4,4,1,2,4,5
"320",2,2,4,2,4,2,2,5,2,2,4,2,5,2,5
"321",4,5,1,3,4,5,4,4,2,5,4,5,2,5,5
"322",5,3,1,4,5,4,5,4,1,5,3,4,2,2,4
"323",2,4,2,2,4,2,3,3,2,4,2,2,4,4,3
"324",4,1,1,1,4,2,1,1,1,4,4,1,1,2,5
"325",4,2,5,4,5,3,5,4,3,3,4,1,3,4,5
"326",2,1,1,2,3,1,1,1,1,5,4,1,1,2,5
"327",5,5,1,3,4,4,0,1,4,4,3,3,2,3,4
"328",1,1,3,1,1,1,1,4,1,3,4,1,4,1,4
"329",5,5,3,5,5,5,5,5,5,5,5,5,5,5,5
"330",1,1,1,2,1,1,1,2,1,5,3,1,2,1,5
"331",2,1,1,2,5,5,2,2,2,4,4,2,3,2,5
"332",4,1,1,1,2,1,1,1,1,5,2,1,1,1,5
"333",3,2,1,1,1,2,1,2,1,2,3,2,1,2,4
"334",3,3,1,1,3,3,1,1,3,3,4,4,1,3,4
"335",2,2,1,1,3,1,1,1,1,3,1,1,1,0,3
"336",4,5,2,2,2,4,2,1,1,4,3,2,3,3,4
"337",5,3,2,4,5,5,2,3,3,2,5,2,4,5,4
"338",2,2,1,5,4,4,0,3,0,2,4,2,1,5,5
"339",3,2,3,4,3,4,2,3,2,5,4,2,2,5,4
"340",4,3,3,3,3,3,3,3,2,3,3,3,3,3,4
"341",4,1,1,4,5,4,1,4,5,5,4,1,1,4,5
"342",3,3,3,3,4,3,3,3,3,4,4,3,3,4,3
"343",2,3,1,1,2,4,2,1,2,4,3,1,1,3,5
"344",4,4,4,4,4,4,4,3,3,4,4,4,2,4,4
"345",5,5,5,3,4,4,2,5,4,4,4,4,5,5,5
"346",1,1,1,4,1,1,1,1,1,1,1,1,1,2,4
"347",3,4,1,2,0,4,5,1,1,4,2,4,1,2,4
"348",3,1,1,2,4,1,2,1,1,2,1,1,1,2,4
"349",5,5,1,2,2,5,5,1,2,5,5,5,1,4,5
"350",1,1,1,1,4,1,3,1,3,4,1,1,1,4,4
"351",5,5,3,3,4,5,3,3,4,5,5,3,3,4,5
"352",4,4,4,5,5,3,5,5,5,4,5,5,5,5,5
"353",1,1,1,1,4,2,1,1,1,1,1,1,1,1,4
"354",3,2,1,1,2,3,2,1,1,5,3,1,2,1,5
"355",5,4,2,2,2,5,4,2,3,5,5,3,2,2,5
"356",5,5,1,3,5,5,5,3,5,5,5,5,3,4,5
"357",3,2,1,1,1,1,5,1,3,4,3,4,2,3,3
"358",3,2,1,2,3,4,2,3,3,5,3,2,2,2,4
"359",1,1,1,1,1,1,1,1,1,2,2,1,1,2,4
"360",1,1,1,1,1,1,1,1,1,1,1,1,1,1,1
"361",1,1,1,1,4,1,3,1,1,4,2,1,1,1,5
"362",3,4,5,4,5,4,3,4,1,5,5,3,4,5,5
"363",4,1,2,2,3,2,2,2,3,3,2,2,1,4,3
"364",3,1,1,4,4,1,1,1,2,5,4,1,1,4,5
"365",4,4,4,5,4,4,1,3,1,5,4,1,4,5,4
"366",4,1,1,3,2,2,4,1,1,4,4,2,1,1,5
"367",1,3,1,3,4,2,2,2,4,4,2,2,2,4,5
"368",2,1,1,1,4,1,1,1,1,1,1,1,1,1,4
"369",4,2,1,2,2,5,3,2,1,4,5,4,4,5,4
"370",5,4,1,2,4,4,4,1,3,5,3,2,1,2,5
"371",3,4,4,2,4,1,2,4,2,2,3,3,5,5,4
"372",3,3,1,1,3,2,4,1,1,4,3,2,1,1,5
"373",5,4,1,2,2,1,3,3,2,1,4,2,3,4,5
"374",4,1,1,4,5,2,1,1,3,4,5,2,2,4,5
"375",5,4,1,4,5,5,2,1,5,1,5,4,1,5,5
"376",4,2,3,3,4,3,1,5,4,2,1,1,2,4,4
"377",1,1,1,1,1,1,1,1,1,1,1,1,1,1,1
"378",1,5,1,1,1,1,1,1,3,3,3,3,1,1,3
"379",5,5,2,5,5,5,5,3,4,4,5,4,3,5,5
"380",3,3,1,2,2,1,3,2,0,5,4,3,2,3,5
"381",3,4,3,2,4,3,3,3,3,5,4,4,2,5,5
"382",2,1,1,1,2,1,1,1,1,2,1,1,1,1,2
"383",3,3,1,3,2,3,4,1,1,3,2,4,1,1,5
"384",5,5,2,5,4,5,4,4,5,5,5,5,2,4,5
"385",5,1,3,3,4,1,1,5,1,5,3,1,1,4,5
"386",3,2,4,4,4,3,3,0,4,4,4,3,3,4,4
"387",1,1,1,2,1,1,1,1,1,2,1,1,1,1,1
"388",2,4,1,1,3,4,5,1,1,5,5,1,1,3,5
"389",5,3,4,3,3,4,3,1,1,4,4,3,1,2,5
"390",5,5,3,4,4,5,5,3,5,4,4,3,3,5,5
"391",5,4,4,3,5,4,2,4,2,4,5,4,3,4,5
"392",2,3,2,5,5,4,4,2,2,5,4,3,1,5,5
"393",3,2,3,1,2,2,5,4,2,2,5,4,1,2,5
"394",3,4,3,3,5,2,3,2,3,5,4,4,1,5,5
"395",4,1,1,1,1,3,3,1,1,3,3,3,1,3,4
"396",4,4,1,2,4,4,3,1,3,3,4,4,2,4,5
"397",4,4,2,2,3,3,4,2,1,3,4,4,2,3,4
"398",4,2,5,3,4,4,2,5,4,4,3,2,5,3,5
"399",4,1,3,2,2,4,5,5,2,5,5,5,3,3,5
"400",1,1,1,1,1,1,1,1,1,1,1,1,1,2,4
"401",2,3,1,1,4,1,2,2,2,2,4,5,1,4,5
"402",5,2,5,3,3,5,3,5,1,4,5,3,3,5,5
"403",4,4,2,1,5,5,1,5,4,5,5,1,4,5,5
"404",3,1,1,1,2,1,1,1,1,1,1,1,1,2,3
"405",4,1,2,4,5,3,1,3,1,5,4,1,2,3,5
"406",4,4,1,3,3,4,4,2,3,4,3,3,1,1,4
"407",4,3,5,1,2,3,2,5,4,4,2,2,4,4,4
"408",5,3,1,3,5,5,4,1,2,4,3,4,1,3,5
"409",4,2,1,1,1,1,1,1,1,5,2,1,1,1,5
"410",1,3,3,4,4,4,5,4,4,4,4,4,4,4,4
"411",4,5,4,3,5,2,5,5,4,5,4,5,5,5,5
"412",3,1,1,1,1,4,1,1,1,2,2,1,1,1,4
"413",4,1,1,1,1,1,1,1,1,1,4,1,1,1,1
"414",5,1,1,1,5,1,1,1,1,5,1,1,1,5,5
"415",5,3,1,3,4,3,1,1,3,5,5,3,1,4,5
"416",5,3,3,4,4,5,2,4,2,4,4,4,2,4,5
"417",4,5,2,4,4,4,2,3,1,4,4,2,1,2,4
"418",1,1,1,1,2,1,1,1,1,1,1,2,1,2,2
"419",1,5,2,1,5,1,5,5,0,5,5,5,1,1,5
"420",1,1,1,2,2,1,1,1,1,2,1,1,1,1,2
"421",3,4,2,1,4,3,4,2,2,5,3,4,2,4,5
"422",5,5,3,4,5,5,0,5,3,5,5,5,3,3,5
"423",3,5,5,5,5,5,5,5,5,5,5,5,5,5,5
"424",5,5,4,3,3,5,4,5,5,5,5,5,5,5,5
"425",5,3,3,4,3,5,3,5,4,5,4,3,1,4,5
"426",5,3,1,2,1,5,2,3,4,5,5,3,1,1,5
"427",1,1,1,1,1,1,1,1,3,1,1,2,1,1,4
"428",5,1,3,4,5,4,1,5,1,4,4,1,1,3,2
"429",1,1,1,2,3,1,2,1,1,4,3,1,1,2,3
"430",4,3,4,2,2,2,2,1,1,2,3,2,1,2,4
"431",4,2,1,2,5,2,1,1,1,2,4,2,1,4,5
"432",5,3,1,1,4,2,3,1,1,4,2,1,1,4,4
"433",1,1,4,1,5,1,1,5,1,4,1,1,1,1,4
"434",3,5,3,4,2,1,4,4,2,2,0,4,2,0,3
"435",3,4,2,3,5,3,2,1,1,4,3,3,3,5,5
"436",2,1,1,3,2,1,1,1,1,4,2,1,1,1,4
"437",5,5,3,5,5,5,5,3,5,5,5,5,3,5,5
"438",5,5,3,5,5,5,5,5,5,5,5,5,5,5,5
"439",1,1,1,1,4,1,1,2,3,4,2,1,1,4,4
"440",4,5,4,4,4,4,4,4,4,4,4,4,3,5,5
"441",5,5,2,2,4,3,4,2,2,5,5,5,2,2,5
"442",5,2,1,3,5,5,1,2,1,5,4,1,1,4,5
"443",3,2,1,2,2,3,3,1,2,1,3,2,1,2,4
"444",5,4,1,5,3,4,4,4,1,2,3,4,2,4,5
"445",4,1,1,1,1,1,1,1,1,1,1,1,1,1,4
"446",1,1,1,1,1,1,1,1,1,1,1,1,1,1,1
"447",4,4,5,2,4,4,1,4,2,2,3,2,2,2,4
"448",3,3,2,2,3,3,4,3,2,4,3,3,2,4,4
"449",1,1,1,1,3,1,1,1,1,1,1,1,1,1,3
"450",3,2,3,3,4,2,3,3,3,3,4,2,2,3,3
"451",5,5,5,4,0,4,4,5,4,5,5,0,4,4,5
"452",4,4,1,2,2,3,3,1,3,4,4,3,1,3,5
"453",4,4,1,2,1,3,4,1,4,4,3,3,1,2,4
"454",1,1,1,2,1,1,2,3,1,1,1,1,3,1,2
"455",4,3,5,2,3,3,2,5,1,1,3,3,3,2,5
"456",4,3,3,3,5,5,5,3,5,4,3,3,2,3,5
"457",5,5,5,5,5,5,5,5,4,4,4,5,5,4,5
"458",2,1,4,2,5,5,1,5,1,4,3,1,1,1,5
"459",5,5,5,5,5,5,5,5,4,3,5,0,5,5,5
"460",3,3,1,1,4,4,1,1,1,4,4,1,1,1,5
"461",4,4,1,2,4,1,1,1,4,4,3,4,1,4,5
"462",4,1,3,2,3,1,1,5,1,4,3,4,1,1,5
"463",1,5,2,2,4,1,1,1,4,2,1,4,1,5,4
"464",1,4,3,1,1,4,1,4,1,1,4,2,2,4,4
"465",2,3,1,2,3,2,1,1,2,4,3,1,1,3,4
"466",5,4,5,5,5,3,3,5,1,4,4,3,2,5,5
"467",1,1,1,1,2,1,1,1,1,4,1,1,1,2,2
"468",5,3,1,4,3,4,2,3,1,3,3,4,1,2,4
"469",2,2,2,2,1,3,2,2,2,1,2,2,2,1,3
"470",5,4,1,4,3,5,2,2,1,4,5,5,2,4,5
"471",5,5,3,5,5,5,5,3,5,4,5,5,4,5,5
"472",2,2,4,4,5,4,2,4,5,5,2,2,3,4,5
"473",1,2,1,1,1,1,1,1,1,3,1,1,1,1,1
"474",4,3,5,4,5,2,2,5,2,2,2,2,1,4,5
"475",5,5,1,3,3,2,4,1,1,4,4,0,1,1,4
"476",5,5,3,1,3,2,2,3,3,4,4,2,2,5,5
"477",1,3,4,0,5,1,2,5,2,5,2,1,4,2,4
"478",5,5,5,5,5,5,5,5,5,5,5,5,5,5,5
"479",4,5,2,3,3,4,3,2,1,5,4,4,2,3,4
"480",5,1,1,4,4,2,1,1,1,5,5,1,1,1,5
"481",5,2,1,5,5,4,2,1,1,1,2,1,1,4,5
"482",4,5,4,4,4,5,5,4,4,5,5,5,4,5,5
"483",1,5,1,3,1,4,4,1,1,3,4,3,1,5,5
"484",5,3,5,5,4,5,4,3,2,2,3,4,2,2,4
"485",5,5,1,4,4,4,4,1,1,1,4,4,1,3,4
"486",2,1,1,1,3,2,2,1,1,2,1,1,1,1,2
"487",5,5,1,3,5,5,4,1,5,3,5,5,1,4,5
"488",4,4,3,3,3,4,3,5,3,4,4,4,2,4,5
"489",1,4,1,1,1,3,4,2,1,2,1,2,1,1,5
"490",4,1,1,2,4,1,1,1,3,4,4,2,1,4,4
"491",1,1,3,1,4,3,2,4,1,1,2,3,2,1,5
"492",5,5,2,5,5,5,5,2,1,3,4,5,2,5,5
"493",4,3,3,4,3,4,2,3,2,5,4,2,3,4,4
"494",4,3,4,1,3,1,5,5,3,5,3,3,3,2,5
"495",3,2,1,3,4,4,1,3,1,4,5,2,3,5,5
"496",3,2,1,2,3,2,1,1,2,1,1,1,1,3,4
"497",5,4,5,5,5,3,3,5,5,5,4,5,5,5,5
"498",1,1,1,1,2,1,1,1,1,1,1,1,1,1,1
"499",5,5,1,1,1,3,3,1,4,4,4,4,1,4,4
"500",4,4,1,4,4,4,4,1,4,4,4,4,1,4,4
"501",1,1,1,1,4,2,1,1,1,4,3,2,1,1,4
"502",1,3,1,2,4,3,1,1,1,4,4,1,2,4,5
"503",3,3,1,1,1,3,2,4,1,3,5,1,3,4,5
"504",5,5,5,3,4,5,5,5,2,5,3,5,2,2,5
"505",5,1,4,1,4,3,1,4,1,4,2,1,1,2,5
"506",5,5,2,3,5,4,3,4,1,4,5,3,3,3,5
"507",1,3,1,1,1,3,1,1,1,2,4,1,1,2,5
"508",5,2,1,1,4,5,5,4,2,5,5,4,2,3,5
"509",1,1,1,1,3,1,1,1,3,3,2,1,1,2,4
"510",5,1,1,1,4,1,3,5,1,4,4,1,4,2,5
"511",4,3,1,1,4,2,1,1,1,4,2,1,1,1,4
"512",4,2,1,2,1,4,2,1,1,3,4,1,1,4,5
"513",5,5,5,5,5,5,5,5,5,5,5,5,5,5,5
"514",1,1,2,2,2,2,4,2,2,3,0,2,2,2,2
"515",4,4,2,4,4,4,2,1,1,4,2,4,1,2,4
"516",3,3,3,3,4,2,3,3,4,4,4,4,3,4,4
"517",5,4,1,4,4,5,5,0,4,4,4,5,5,5,5
"518",5,5,1,3,5,1,1,1,1,5,1,1,1,1,4
"519",5,5,5,5,5,5,5,5,5,5,5,5,5,5,5
"520",4,5,3,4,3,2,3,3,4,5,2,3,2,5,5
"521",3,3,2,2,5,4,3,4,3,5,3,2,4,4,5
"522",4,4,2,2,4,4,2,2,3,4,4,2,2,3,5
"523",1,4,1,1,1,1,4,1,1,1,1,1,1,1,4
"524",2,4,1,1,1,2,4,1,1,2,2,4,1,2,4
"525",5,2,4,2,5,4,1,5,3,5,2,3,3,2,3
"526",1,1,4,4,2,4,1,5,3,3,3,1,1,1,5
"527",4,4,1,4,4,5,4,3,4,5,4,5,3,2,5
"528",5,4,3,4,5,5,5,4,5,4,5,5,2,4,5
"529",3,3,3,4,3,2,2,3,4,3,4,3,3,4,4
"530",3,1,3,3,1,5,1,2,1,4,4,2,2,2,5
"531",4,4,3,3,3,4,4,3,4,4,3,3,2,3,4
"532",1,1,1,1,1,1,1,1,1,3,4,1,1,1,5
"533",5,4,3,1,5,2,1,4,1,5,4,4,3,4,5
"534",5,5,1,2,2,4,5,2,1,4,4,4,1,4,5
"535",5,5,5,1,4,5,5,5,1,4,1,1,1,4,5
"536",5,4,3,4,2,5,5,3,4,3,3,5,3,1,5
"537",5,3,2,3,3,4,5,4,3,5,3,2,4,2,5
"538",3,2,4,5,5,2,2,5,2,4,3,2,3,4,4
"539",4,5,5,4,4,3,3,5,4,5,4,4,5,4,5
"540",1,1,1,1,1,1,1,1,1,1,1,1,1,1,1
"541",1,1,1,5,5,4,4,3,3,4,4,2,4,4,5
"542",1,3,1,1,3,1,1,3,1,3,2,1,1,1,3
"543",4,2,3,4,4,4,2,4,2,4,4,3,4,4,4
"544",3,1,1,4,4,1,1,1,1,4,1,1,1,1,4
"545",2,1,1,1,2,2,4,1,1,4,1,3,1,2,5
"546",3,3,2,2,4,2,4,4,2,4,3,2,2,2,4
"547",5,5,3,4,4,4,5,3,4,4,4,4,3,4,4
"548",2,4,1,4,5,2,2,5,1,5,5,2,5,2,5
"549",1,2,1,1,1,1,1,1,2,2,2,1,1,1,5
"550",5,1,1,2,4,3,3,2,1,5,2,1,1,1,4
"551",2,1,1,1,1,1,1,1,1,1,2,1,1,1,1
"552",5,1,1,1,2,5,1,1,1,4,5,1,1,4,5
"553",1,2,1,2,4,3,1,1,4,4,4,2,1,5,3
"554",5,5,4,5,5,5,5,4,4,5,5,5,5,5,5
"555",5,2,1,1,1,5,1,1,1,5,5,1,1,1,5
"556",5,1,1,3,3,2,1,1,1,2,2,1,1,5,3
"557",3,3,1,4,1,1,4,1,1,1,4,3,1,2,5
"558",4,5,3,5,5,5,5,3,2,5,4,5,4,4,5
"559",5,3,1,3,2,5,3,1,1,3,5,2,1,3,5
"560",5,5,5,5,5,5,5,5,5,5,5,5,5,5,5
"561",1,4,1,1,1,2,1,1,1,1,1,1,1,1,1
"562",5,4,4,3,5,5,4,5,5,5,5,5,5,5,5
"563",5,4,1,4,4,5,4,2,5,5,4,5,2,5,5
"564",2,5,1,1,4,1,1,1,1,1,4,1,1,3,5
"565",5,5,1,2,4,5,4,1,4,5,5,4,1,5,5
"566",5,4,1,3,3,5,4,1,2,3,5,4,1,4,4
"567",4,3,1,1,3,4,3,1,2,2,2,4,1,2,5
"568",1,2,1,1,2,2,1,1,1,1,2,1,1,2,4
"569",1,4,3,4,1,5,3,5,1,1,4,4,5,5,5
"570",5,5,5,4,4,4,3,4,4,5,4,5,5,5,5
"571",1,2,1,1,4,1,2,1,2,3,3,2,1,2,4
"572",1,1,1,1,1,1,1,1,1,1,1,1,1,1,1
"573",4,2,2,4,1,4,2,4,1,4,4,2,1,4,2
"574",5,4,3,4,5,5,3,3,5,5,5,4,3,5,5
"575",5,2,4,1,5,5,1,5,3,5,5,4,4,5,5
"576",1,1,1,1,4,1,1,1,1,1,2,1,1,1,3
"577",1,1,1,1,4,4,1,1,1,3,1,1,1,1,4
"578",4,4,3,4,5,4,4,3,3,3,5,5,3,4,4
"579",1,1,1,1,2,1,1,1,1,3,2,1,1,1,2
"580",4,4,2,2,4,5,4,4,3,4,4,3,2,2,4
"581",5,3,1,1,1,4,1,1,1,4,4,1,1,1,4
"582",5,5,5,5,5,5,5,5,5,5,5,5,5,5,5
"583",2,2,1,3,4,5,3,2,1,5,4,2,2,1,5
"584",3,4,1,1,2,3,1,1,1,1,1,1,1,1,5
"585",1,1,1,1,5,1,1,1,1,2,1,1,1,1,5
"586",5,5,1,5,5,5,5,1,4,2,4,5,1,5,5
"587",5,5,3,5,5,5,4,3,5,5,5,5,5,5,5
"588",1,1,1,1,2,1,1,1,1,2,1,1,1,1,2
"589",4,3,2,4,4,4,2,2,2,4,4,2,2,4,5
"590",2,1,1,1,1,2,1,1,1,3,1,1,1,1,4
"591",5,5,1,4,4,5,4,1,5,5,5,4,1,5,5
"592",5,5,4,4,5,5,4,5,5,5,5,5,5,5,5
"593",3,4,2,3,4,3,4,2,4,4,4,3,1,4,4
"594",5,5,1,4,1,5,5,1,1,4,5,5,1,4,5
"595",5,5,5,5,5,5,5,5,5,5,5,5,5,5,5
"596",4,3,3,4,4,4,3,5,3,3,4,3,5,4,3
"597",5,5,5,5,5,5,5,5,5,5,5,5,5,5,5
"598",5,5,3,4,5,5,5,3,3,5,4,5,3,3,4
"599",4,4,2,3,3,3,3,2,2,4,4,3,2,2,4
"600",5,4,4,5,5,5,5,5,4,5,5,5,4,5,5
"601",5,5,4,3,5,1,1,4,5,4,5,4,4,5,5
"602",5,3,1,5,5,5,2,1,5,5,5,2,1,5,5
"603",4,2,1,4,1,4,2,1,4,4,3,3,1,3,4
"604",4,3,4,5,4,4,3,5,4,4,4,5,4,4,4
"605",4,4,3,3,5,2,4,3,3,4,3,3,2,3,4
"606",5,5,5,4,3,5,5,5,5,5,5,5,5,5,5
"607",4,5,3,3,4,3,4,5,3,5,5,5,3,5,5
"608",5,5,5,5,4,4,5,5,5,5,5,5,5,4,4
"609",5,5,4,4,5,5,4,3,3,5,5,4,3,5,5
"610",5,5,5,4,5,5,5,5,5,5,5,5,5,5,5
"611",5,5,4,5,5,5,5,5,3,5,5,5,4,3,5
"612",5,5,5,4,3,5,5,4,4,5,5,5,4,5,5
"613",5,5,4,3,4,5,5,4,3,4,5,5,3,4,4
"614",5,5,1,5,5,5,5,3,5,5,5,5,3,5,5
"615",5,5,5,5,5,5,5,5,5,5,5,5,3,3,5
"616",5,5,5,5,5,5,5,5,5,5,5,5,5,5,5
"617",5,5,3,5,5,5,5,3,5,4,5,5,3,5,5
"618",4,5,5,4,5,5,5,5,4,5,1,5,3,4,5
"619",5,4,1,4,5,4,5,1,5,5,3,5,4,3,4
"620",5,5,1,5,5,5,4,1,5,5,5,5,1,5,5
"621",5,5,4,4,5,5,4,5,5,5,5,5,5,5,5
"622",4,5,2,1,5,3,2,1,3,2,5,3,3,4,5
"623",5,4,1,4,4,4,4,1,3,5,5,4,1,5,5
"624",5,5,5,5,5,5,5,5,1,5,5,5,5,5,5
"625",1,2,2,2,2,1,1,3,1,4,1,1,1,1,1
"626",5,5,5,5,5,5,5,5,5,5,5,5,5,5,5
"627",4,5,1,3,4,4,4,1,4,4,5,5,1,3,5
"628",5,5,2,5,4,5,5,3,4,5,5,5,5,5,5
"629",1,1,1,1,1,1,1,1,1,1,1,1,1,1,1
"630",4,5,2,4,5,5,4,1,2,5,5,4,2,5,5
"631",5,4,2,3,3,4,5,3,3,4,4,4,3,4,5
"632",4,5,3,4,3,4,4,5,3,5,4,5,4,3,4
"633",4,5,3,4,5,5,4,4,3,4,4,4,3,4,5
"634",4,5,4,4,4,4,4,3,3,5,3,5,2,4,4
"635",5,5,5,5,5,5,5,5,5,5,5,5,5,5,5
"636",5,5,3,5,5,5,4,2,5,5,5,5,2,4,5
"637",3,5,3,3,5,3,5,4,3,5,3,3,3,5,4
"638",5,5,5,5,5,5,5,5,5,5,5,5,3,5,5
"639",5,4,2,5,5,5,4,3,5,5,5,5,3,5,5
"640",5,5,5,5,5,5,5,5,5,5,0,5,5,5,5
"641",5,5,5,5,5,5,5,5,5,5,5,5,5,5,5
"642",5,5,5,5,5,5,5,5,1,5,3,5,5,5,5
"643",5,3,1,5,5,1,1,1,4,5,5,1,1,4,5
"644",5,4,4,3,5,4,3,5,4,5,5,3,4,3,4
"645",5,5,1,5,5,5,5,5,5,5,5,5,5,5,5
"646",5,5,5,5,5,5,5,5,5,5,5,5,5,5,5
"647",5,5,5,4,5,5,5,5,5,5,5,5,4,5,5
"648",5,4,4,4,4,5,4,5,5,5,5,4,3,5,3
"649",5,5,5,5,5,5,5,5,5,5,5,5,5,5,5
"650",5,5,3,5,5,5,5,5,5,5,5,5,3,4,5
"651",4,4,4,4,4,4,3,5,3,3,4,3,4,4,5
"652",5,4,1,5,5,3,4,5,4,5,5,4,4,5,5
"653",5,5,5,5,5,5,5,5,5,5,5,5,5,5,5
"654",5,5,5,5,5,5,5,5,5,5,5,5,5,5,5
"655",3,3,2,2,4,4,3,3,3,4,4,4,3,3,4
"656",4,4,3,4,3,4,4,4,4,4,4,4,4,4,4
"657",1,1,1,1,1,1,1,1,1,4,1,1,1,1,4
"658",4,3,2,4,5,4,2,1,3,3,4,3,1,3,5
"659",1,4,2,2,4,2,4,2,2,4,2,4,2,4,4
"660",4,3,3,3,5,4,2,4,2,4,4,4,4,3,5
"661",3,3,4,4,5,3,3,4,2,5,3,3,2,3,3
"662",1,2,1,1,1,1,2,1,1,2,1,1,1,1,1
"663",4,4,3,4,4,4,4,4,4,4,4,4,4,4,4
"664",3,1,1,1,1,4,1,1,1,5,1,1,1,1,5
"665",4,5,4,4,4,4,4,5,4,4,4,5,4,4,4
"666",5,5,1,1,1,1,1,1,1,4,2,5,2,2,4
"667",4,2,2,3,4,5,2,3,3,4,4,4,2,3,3
"668",4,4,1,2,2,1,5,1,1,5,3,3,1,4,5
"669",2,2,1,1,2,2,2,1,2,1,2,1,1,1,3
"670",5,5,3,4,5,4,1,5,1,5,5,3,3,4,5
"671",5,3,1,2,3,3,1,3,3,4,5,1,1,3,5
"672",5,4,1,3,4,3,3,3,3,3,5,4,3,3,5
"673",3,3,1,1,5,1,1,3,1,3,1,1,1,1,3
"674",5,5,3,4,4,5,5,4,4,3,4,5,4,4,4
"675",3,4,1,1,1,1,4,1,1,2,3,3,1,2,4
"676",5,4,2,2,4,3,3,5,2,5,3,3,2,2,4
"677",4,3,1,4,4,2,3,2,1,4,3,2,4,4,3
"678",5,5,5,5,5,5,5,5,5,5,5,5,5,5,5
"679",5,4,2,4,5,5,4,2,4,5,5,4,3,4,5
"680",5,2,1,1,1,4,2,1,1,5,5,4,1,1,2
"681",4,4,1,3,2,2,3,1,2,4,4,4,1,2,4
"682",5,5,5,5,5,3,5,5,4,3,5,5,3,5,5
"683",4,3,3,3,5,4,2,4,3,5,3,2,3,3,5
"684",1,2,1,1,1,1,1,1,1,2,1,1,1,1,1
"685",5,4,3,4,4,4,5,5,5,3,4,4,5,5,5
"686",1,1,1,1,3,1,1,1,1,4,1,1,1,1,2
"687",4,4,4,3,3,4,3,3,2,4,3,3,2,3,4
"688",5,4,3,4,5,5,4,4,2,5,4,4,4,5,5
"689",1,1,1,1,1,1,1,1,1,2,1,1,1,1,1
"690",4,1,1,1,2,4,1,1,1,3,4,1,1,1,5
"691",4,3,1,1,4,3,1,1,1,4,3,3,1,1,4
"692",5,5,5,5,3,5,5,3,5,5,5,3,3,5,5
"693",4,5,2,5,1,5,5,1,1,4,1,5,3,1,5
"694",5,3,3,5,5,5,5,4,3,5,4,5,3,4,5
"695",4,2,1,2,2,4,2,3,1,4,5,1,1,3,4
"696",5,5,3,3,0,4,4,4,5,4,4,4,4,4,5
"697",3,2,1,3,2,4,3,2,2,3,4,2,2,2,5
"698",5,5,1,5,5,5,5,5,5,3,5,5,1,5,5
"699",3,3,5,3,5,5,5,5,3,5,3,5,5,5,5
"700",4,4,2,3,2,2,4,2,2,4,2,4,2,2,4
"701",5,5,5,5,5,5,5,5,5,5,5,5,5,5,5
"702",5,2,3,4,3,5,4,4,2,3,3,4,2,3,5
"703",4,2,2,4,4,4,2,3,2,5,4,3,3,4,4
"704",5,5,1,5,5,5,5,1,5,4,5,5,1,4,5
"705",5,5,2,2,3,4,2,1,1,1,5,2,1,4,5
"706",4,3,1,3,2,4,2,2,1,3,3,3,2,2,3
"707",2,1,1,2,4,2,1,1,1,4,2,1,1,1,4
"708",5,5,1,5,5,5,5,1,5,5,5,5,1,5,5
"709",1,2,1,3,1,1,1,2,1,3,1,1,2,2,3
"710",4,3,1,1,4,4,1,1,1,2,4,2,1,1,4
"711",5,5,2,5,5,5,5,5,4,5,5,5,5,5,5
"712",4,4,3,4,4,4,3,3,2,4,4,4,2,3,4
"713",4,5,4,3,3,4,5,5,5,4,3,4,5,3,3
"714",4,4,1,4,5,2,3,3,1,4,4,3,1,4,5
"715",5,5,4,5,5,5,5,5,4,5,5,5,5,5,5
"716",1,1,4,1,1,4,1,5,1,4,1,4,3,1,3
"717",1,1,1,1,1,1,1,1,1,1,1,1,1,1,1
"718",5,4,1,1,2,1,2,1,2,3,3,4,1,5,5
"719",3,4,1,2,3,1,1,2,1,4,2,2,1,1,5
"720",4,4,1,3,5,3,3,1,3,5,3,4,1,3,4
"721",5,5,1,4,5,5,5,5,2,5,5,5,1,1,5
"722",2,1,1,2,0,2,1,1,1,4,4,2,1,3,5
"723",3,4,1,3,2,4,4,2,4,5,4,4,4,2,5
"724",1,1,1,2,4,4,1,1,1,5,2,1,1,2,5
"725",3,1,4,1,3,2,1,4,4,5,1,1,3,3,5
"726",1,1,1,1,1,1,1,1,1,3,3,1,1,1,4
"727",4,3,1,3,4,4,2,1,1,2,3,3,1,3,4
"728",3,4,1,4,3,3,4,3,3,4,4,4,2,3,5
"729",3,3,3,2,4,4,3,5,3,4,3,3,3,2,4
"730",2,4,1,3,2,4,2,3,3,4,4,3,2,2,5
"731",4,4,1,4,3,4,3,1,3,4,4,4,1,3,5
"732",5,5,5,5,5,5,5,5,4,5,5,5,4,5,5
"733",4,4,2,5,4,2,2,2,4,4,4,2,1,4,5
"734",3,5,3,4,5,4,5,3,4,4,3,4,3,3,5
"735",5,5,1,5,5,5,5,5,5,5,5,5,5,5,5
"736",5,4,2,4,4,4,2,3,4,5,5,4,3,4,5
"737",2,2,1,2,3,3,2,1,2,3,3,2,1,2,3
"738",1,3,3,4,4,3,4,3,3,2,4,0,2,1,5
"739",5,2,4,4,4,4,4,5,2,5,3,3,4,5,5
"740",5,3,1,4,4,3,3,3,4,4,4,2,3,3,3
"741",5,4,1,4,4,5,5,2,3,4,4,3,3,3,5
"742",4,2,2,4,4,2,4,5,1,5,2,3,4,5,5
"743",4,5,3,4,5,4,4,4,3,5,4,3,4,4,4
"744",4,2,4,5,1,1,2,4,1,3,1,1,1,2,4
"745",2,2,1,1,2,2,1,2,1,3,2,2,1,2,2
"746",5,3,1,1,4,4,2,4,2,2,4,2,4,4,4
"747",4,4,5,4,5,2,4,5,5,5,5,5,5,4,5
"748",5,5,5,4,4,5,3,5,2,5,5,4,5,5,5
"749",4,3,2,4,4,2,2,1,2,4,4,3,2,4,4
"750",4,1,1,1,1,1,1,1,3,5,1,1,1,1,2
"751",4,1,1,2,5,4,1,1,1,1,5,1,1,5,5
"752",3,4,1,3,3,4,4,4,1,3,3,3,2,4,5
"753",2,4,2,3,5,3,2,2,4,5,4,3,3,4,4
"754",2,2,3,3,2,4,1,2,1,3,3,2,4,3,5
"755",5,3,3,4,3,4,4,3,2,4,5,4,2,4,5
"756",4,5,5,4,5,3,4,5,5,4,0,4,5,4,4
"757",5,5,2,4,5,4,4,2,3,5,4,5,2,5,5
"758",5,4,5,5,5,5,5,5,5,3,5,5,5,5,5
"759",1,1,1,1,2,1,1,1,1,2,1,1,1,1,3
"760",5,3,1,2,3,2,1,1,1,5,3,1,1,2,5
"761",3,3,1,4,4,1,4,2,1,5,5,1,1,1,5
"762",1,1,2,1,1,3,1,2,1,1,1,1,1,1,5
"763",5,4,1,4,4,5,4,1,1,5,4,4,1,3,4
"764",2,3,1,2,1,2,1,2,1,1,2,1,1,3,3
"765",1,1,1,1,1,1,1,1,1,1,2,1,1,1,3
"766",3,1,4,4,5,1,3,5,2,5,4,3,5,4,5
"767",1,1,1,1,1,2,1,1,1,2,1,1,1,1,1
"768",4,3,4,3,4,4,2,5,4,4,3,2,4,4,5
"769",5,4,4,3,5,5,3,5,2,4,5,4,2,4,5
"770",3,3,2,2,3,3,2,3,2,3,3,2,3,3,4
"771",2,1,1,1,2,3,1,1,1,3,1,1,1,1,1
"772",3,3,3,4,5,4,3,3,3,3,4,3,3,4,4
"773",3,2,2,1,3,2,1,3,2,4,3,1,3,2,4
"774",1,1,1,1,1,1,1,1,1,1,1,1,1,1,1
"775",4,4,2,3,4,4,2,2,3,4,3,2,3,3,5
"776",5,5,1,3,5,5,5,1,3,5,5,5,1,5,5
"777",2,3,3,3,3,3,3,2,2,2,2,2,2,2,2
"778",5,2,2,3,5,3,5,3,3,4,3,2,4,3,5
"779",1,3,1,1,1,1,1,1,1,4,1,1,1,2,4
"780",4,5,1,2,2,4,5,1,1,2,3,4,1,2,5
"781",4,1,1,1,4,2,1,1,1,4,1,1,1,1,1
"782",3,5,1,1,3,2,3,1,3,2,4,3,1,2,5
"783",4,5,1,4,3,4,5,1,3,5,3,4,1,4,5
"784",5,5,1,5,5,5,5,1,5,5,5,5,1,3,4
"785",4,5,1,1,4,4,5,1,5,5,5,5,1,4,5
"786",1,5,1,1,1,1,1,1,5,5,1,1,1,5,5
"787",5,0,5,5,5,5,5,5,5,5,5,5,5,5,5
"788",5,5,3,4,4,5,5,3,4,4,5,4,4,4,5
"789",5,4,4,5,2,5,2,3,1,4,4,3,1,4,5
"790",5,5,1,5,5,5,4,3,4,3,5,5,2,5,5
"791",1,1,1,1,1,1,1,1,1,1,1,1,1,1,1
"792",2,3,1,1,3,4,1,1,1,1,4,1,1,1,5
"793",5,5,5,5,5,5,5,5,5,3,5,5,3,4,3
"794",5,2,2,1,5,5,5,2,1,5,5,4,2,1,5
"795",4,5,3,5,5,5,5,4,4,5,5,5,3,5,5
"796",4,4,1,4,4,4,4,1,4,4,4,3,1,4,4
"797",5,5,1,5,4,5,5,3,5,5,5,5,4,5,5
"798",5,5,5,4,3,2,5,1,4,1,4,5,3,3,4
"799",5,4,2,4,5,4,5,2,2,4,4,4,1,5,5
"800",4,2,1,2,3,3,2,4,4,4,0,2,2,2,4
"801",4,1,1,1,4,4,1,1,1,4,2,1,1,1,4
"802",1,4,3,1,2,1,3,3,4,1,4,3,4,1,4
"803",4,2,1,2,2,2,2,1,1,3,2,2,1,1,4
"804",5,5,1,5,5,5,5,1,5,2,5,5,2,5,5
"805",3,3,1,1,3,4,1,3,1,3,3,2,2,3,4
"806",5,3,2,4,4,4,4,2,2,5,5,2,2,5,5
"807",1,2,1,1,1,1,1,1,1,4,1,1,1,1,4
"808",5,3,5,5,5,3,1,5,4,5,4,1,5,2,5
"809",2,2,2,4,4,2,4,1,2,4,4,2,1,2,1
"810",1,1,1,1,5,1,1,1,1,1,1,1,1,3,4
"811",2,3,4,2,4,2,2,4,4,4,2,2,4,4,4
"812",3,5,5,5,3,4,4,4,3,4,3,4,4,4,4
"813",5,5,5,4,5,5,5,5,5,5,5,5,5,5,5
"814",4,5,1,1,3,2,1,1,1,3,2,5,2,1,5
"815",5,5,5,5,5,5,5,5,5,5,5,5,5,5,5
"816",5,5,3,2,5,5,5,3,5,5,5,5,1,5,5
"817",1,1,1,1,1,2,1,1,1,2,1,1,1,1,2
"818",5,5,3,5,5,5,5,4,4,3,4,5,3,4,5
"819",1,3,1,1,1,1,1,1,1,2,1,1,1,2,2
"820",1,1,5,5,4,3,3,3,1,5,3,3,3,1,3
"821",1,1,1,1,1,1,1,1,1,2,1,1,1,1,2
"822",5,5,5,5,5,5,5,5,5,2,5,5,5,5,5
"823",2,1,1,1,1,1,1,1,1,4,2,1,1,2,2
"824",4,2,1,1,2,1,2,1,1,2,3,1,1,1,2
"825",4,4,4,3,4,4,3,2,3,4,4,3,2,2,4
"826",2,1,2,1,1,3,1,4,1,5,2,1,5,5,5
"827",1,3,1,2,1,2,1,1,1,2,3,1,1,4,4
"828",3,3,3,3,3,3,3,3,3,3,3,3,3,3,3
"829",4,2,3,4,3,3,3,3,2,4,3,2,3,3,4
"830",4,1,1,2,4,2,1,2,3,2,4,1,2,3,5
"831",2,2,2,1,1,1,1,4,1,1,1,1,4,2,3
"832",3,4,3,2,3,3,3,4,2,3,0,3,0,2,3
"833",3,2,1,3,4,3,1,1,1,3,4,1,1,3,5
"834",2,2,1,1,4,4,1,1,1,3,4,1,1,1,5
"835",1,1,1,1,1,3,1,1,1,2,1,1,1,1,1
"836",4,2,1,1,2,2,1,1,1,2,3,2,1,2,3
"837",4,2,2,4,4,1,1,2,1,3,3,1,1,2,5
"838",5,3,4,2,3,5,2,4,2,4,4,2,2,3,5
"839",5,3,4,4,5,5,1,5,5,5,5,4,4,5,5
"840",1,1,1,1,5,1,1,1,1,4,1,1,1,1,5
"841",4,2,1,2,3,4,1,1,1,4,3,4,1,2,5
"842",4,5,2,4,4,5,5,4,2,4,5,5,1,4,5
"843",4,4,4,4,4,2,3,4,3,4,3,3,4,4,4
"844",2,1,1,1,1,2,1,1,1,2,1,1,1,4,1
"845",5,5,1,1,5,3,5,1,1,3,5,5,1,3,5
"846",2,1,3,1,3,1,1,1,1,2,1,1,1,1,3
"847",1,3,1,1,2,2,1,1,2,1,1,1,1,1,1
"848",4,3,5,2,3,3,3,5,3,3,4,2,3,3,5
"849",1,1,1,1,1,2,1,1,1,1,1,1,1,1,2
"850",5,4,1,3,5,4,4,1,1,5,3,3,1,3,5
"851",5,4,4,5,5,5,5,5,5,4,5,5,5,5,5
"852",5,5,5,5,5,5,5,5,5,5,5,5,5,5,5
"853",2,2,1,5,5,5,3,4,3,4,4,1,1,5,4
"854",2,4,1,2,4,1,2,1,1,4,5,2,1,2,5
"855",1,1,1,1,1,1,1,1,1,1,1,1,1,1,2
"856",4,4,3,3,4,3,3,4,3,5,4,3,4,4,5
"857",1,1,1,1,1,1,1,1,1,1,1,1,1,1,2
"858",4,1,1,1,4,3,1,1,2,3,4,1,1,4,5
"859",2,1,3,1,5,2,1,3,1,4,4,1,2,2,5
"860",5,5,1,4,5,5,5,1,1,5,5,5,1,2,5
"861",2,2,1,2,3,4,1,1,2,2,3,1,1,2,3
"862",3,3,3,2,4,3,2,2,2,3,3,3,3,3,5
"863",4,2,2,3,4,2,2,4,4,4,4,2,4,5,5
"864",1,1,1,1,1,1,1,1,1,2,1,1,1,1,1
"865",3,4,3,4,4,3,2,3,4,4,3,3,3,2,4
"866",1,1,1,1,1,1,1,1,1,3,1,1,1,1,4
"867",1,2,1,2,1,5,1,1,2,4,2,2,1,2,5
"868",2,2,5,4,4,1,3,5,3,4,3,2,5,2,4
"869",4,2,1,1,2,2,2,1,1,3,4,1,1,1,5
"870",2,1,1,2,3,3,1,3,1,4,3,1,1,3,3
"871",2,3,1,3,3,4,3,2,1,2,5,3,2,4,5
"872",2,1,1,1,0,2,3,3,2,3,2,3,1,3,5
"873",4,4,2,4,4,5,4,3,3,2,4,4,3,3,4
"874",4,2,1,3,5,5,3,1,2,5,5,1,1,2,5
"875",1,1,1,2,2,2,2,2,2,2,2,1,1,1,1
"876",5,5,1,1,3,1,3,1,1,3,3,2,1,1,5
"877",5,1,1,2,3,5,1,1,1,5,3,1,1,3,5
"878",5,5,4,4,4,5,5,5,1,5,5,5,2,5,5
"879",1,1,1,1,1,1,1,1,1,1,1,1,1,4,1
"880",3,4,2,3,2,4,1,1,1,4,3,2,1,3,4
"881",3,4,2,4,4,4,4,2,1,3,2,4,2,2,5
"882",1,1,1,1,3,1,3,1,1,1,1,1,1,1,2
"883",5,2,5,5,5,5,2,5,5,5,5,3,5,5,5
"884",4,4,4,4,4,4,4,4,2,4,4,4,4,4,5
"885",5,4,2,4,5,4,4,5,2,5,4,3,2,5,5
"886",5,4,4,3,4,5,2,5,1,4,5,1,4,2,5
"887",4,2,1,1,1,4,2,1,1,2,4,3,1,2,5
"888",4,2,1,1,5,3,1,1,1,3,3,1,1,2,5
"889",4,2,1,3,4,4,2,1,1,4,3,4,1,2,4
"890",1,1,1,1,1,4,1,1,1,2,1,1,1,1,2
"891",2,1,1,2,2,2,4,1,2,1,2,2,1,4,4
"892",4,3,1,1,2,1,1,3,1,3,3,1,1,1,4
"893",1,1,1,2,1,1,1,1,1,2,1,1,1,1,1
"894",2,4,1,1,1,2,4,1,2,4,4,3,1,2,5
"895",4,4,2,4,5,5,4,4,3,5,5,5,4,5,5
"896",4,2,5,3,4,1,1,5,2,4,2,1,4,1,4
"897",5,2,1,3,3,5,1,1,1,4,2,1,1,1,5
"898",4,3,5,5,5,5,1,5,3,2,5,2,1,4,5
"899",5,4,5,4,5,5,4,5,3,5,5,4,5,5,5
"900",5,3,5,4,5,4,1,5,4,5,3,3,4,3,5
"901",4,1,1,4,5,4,1,1,1,4,4,1,1,4,5
"902",1,1,1,1,1,1,1,1,1,2,1,1,1,1,1
"903",1,3,4,5,3,4,3,5,3,5,4,2,4,5,5
"904",4,4,4,5,3,3,2,4,1,4,4,5,4,1,4
"905",2,1,1,1,3,1,1,1,1,1,1,1,1,1,3
"906",4,4,4,5,5,5,4,5,4,3,4,4,3,4,4
"907",3,2,1,2,1,1,1,4,1,1,1,2,3,2,5
"908",5,4,1,1,5,5,4,1,1,5,5,2,1,2,5
"909",4,2,1,1,4,4,1,2,1,4,2,1,1,2,4
"910",5,3,1,2,2,3,4,1,1,4,3,3,1,1,5
"911",3,3,3,3,3,3,3,3,3,3,3,3,3,3,4
"912",5,4,5,4,4,5,4,4,3,4,5,5,5,5,5
"913",4,5,5,5,5,5,4,5,3,5,5,5,3,5,5
"914",5,5,1,5,5,5,5,1,4,5,5,5,1,5,5
"915",5,5,5,5,5,5,1,5,1,5,5,1,3,5,5
"916",4,2,1,1,4,2,1,3,4,1,2,1,2,4,4
"917",4,4,4,2,4,4,4,4,2,2,4,2,2,4,4
"918",2,3,3,1,3,2,3,5,1,2,2,1,5,1,2
"919",5,4,5,5,5,5,4,5,2,4,3,3,3,2,5
"920",2,1,3,2,1,2,3,3,2,4,4,2,1,4,5
"921",1,3,2,4,5,1,2,4,3,5,5,3,1,4,5
"922",4,2,4,4,4,4,2,5,1,4,5,3,4,4,5
"923",2,1,1,3,5,2,1,1,1,5,2,1,1,1,5
"924",2,4,3,3,5,2,2,2,1,3,3,1,2,3,5
"925",2,1,1,1,3,1,2,1,1,1,1,1,1,1,3
"926",2,2,1,3,3,2,2,1,4,5,4,3,1,2,4
"927",1,1,1,1,2,1,1,1,1,1,1,1,1,1,4
"928",5,5,1,1,5,5,1,1,5,5,5,5,1,1,5
"929",5,4,1,5,4,3,3,2,5,3,3,4,2,3,5
"930",2,2,1,2,2,2,1,1,1,1,2,2,2,3,5
"931",5,1,1,4,1,1,1,1,1,5,2,1,1,1,4
"932",1,1,1,1,4,1,1,1,1,1,1,1,1,1,3
"933",2,2,1,2,2,2,1,1,1,2,2,1,1,1,2
"934",4,2,2,3,5,4,4,3,4,4,4,2,3,4,5
"935",2,3,5,0,3,2,3,5,4,4,3,4,5,3,4
"936",4,4,5,4,4,4,4,5,4,4,4,4,4,4,5
"937",5,4,1,4,4,3,4,1,1,5,5,4,1,4,5
"938",1,1,1,1,1,3,3,1,1,4,3,1,1,2,4
"939",2,4,1,4,4,4,3,4,2,5,4,3,2,4,4
"940",4,3,4,4,4,3,2,4,5,3,3,2,2,4,3
"941",1,1,1,1,1,2,1,1,1,1,2,1,1,1,2
"942",4,1,1,2,4,2,1,1,1,4,3,1,1,4,5
"943",4,2,1,1,1,4,2,1,1,2,4,1,1,2,5
"944",4,1,3,1,1,4,3,4,1,2,4,1,3,4,5
"945",5,3,0,5,3,5,5,4,3,5,5,3,3,4,5
"946",3,3,3,4,4,5,5,3,3,4,3,4,3,4,5
"947",4,1,1,2,1,1,1,1,1,1,3,2,1,2,4
"948",4,4,1,2,4,2,4,4,2,4,2,4,4,5,5
"949",4,2,1,1,4,4,5,2,1,1,1,4,1,3,4
"950",4,4,4,5,5,4,3,4,3,4,4,4,5,3,5
"951",5,4,5,5,5,5,4,5,1,5,5,4,5,5,5
"952",5,3,1,1,2,1,1,1,1,3,5,4,1,2,5
"953",4,4,2,2,2,3,2,3,1,4,4,2,2,3,4
"954",5,5,3,4,5,5,5,4,3,3,5,5,5,4,5
"955",4,2,1,1,1,4,1,1,1,5,4,1,1,3,5
"956",2,3,1,2,3,4,4,3,1,4,3,5,4,5,5
"957",4,4,1,2,3,3,4,2,1,4,5,4,2,5,5
"958",3,2,1,1,2,4,2,1,1,1,3,3,1,1,3
"959",2,2,1,2,3,1,2,1,1,2,2,2,2,3,4
"960",5,5,4,4,4,3,5,5,3,4,3,5,4,4,5
"961",1,1,5,2,4,1,3,5,1,4,2,3,1,2,5
"962",1,1,1,1,1,1,1,1,1,1,1,1,1,1,1
"963",5,2,1,1,4,1,1,1,1,1,4,1,1,3,5
"964",4,4,1,1,3,2,5,1,5,4,2,1,1,3,2
"965",3,2,2,3,2,4,3,4,2,4,2,2,3,2,4
"966",4,1,1,3,4,2,1,2,1,4,2,1,2,3,4
"967",5,2,5,2,5,2,3,4,3,5,3,3,3,3,5
"968",4,3,1,1,2,3,1,1,1,2,4,4,1,2,4
"969",3,2,1,1,1,1,1,1,1,1,1,1,1,2,1
"970",2,2,1,2,4,2,1,1,4,2,2,1,1,1,4
"971",5,1,1,1,1,3,1,2,2,3,4,1,2,4,5
"972",5,2,3,3,1,5,3,4,2,5,5,3,2,2,5
"973",2,3,1,2,1,1,1,1,2,3,3,4,1,2,5
"974",2,2,4,2,4,2,2,4,2,5,2,2,2,5,5
"975",4,4,3,4,4,4,4,4,2,4,4,4,4,2,4
"976",2,3,3,3,3,2,3,1,2,4,3,3,1,4,4
"977",5,5,3,1,5,5,5,3,5,5,3,5,4,5,5
"978",4,4,2,2,2,4,4,2,2,5,4,3,3,2,4
"979",1,1,1,1,4,4,1,1,1,4,1,1,1,1,5
"980",4,1,1,1,1,3,2,1,1,4,2,1,1,2,3
"981",5,1,1,1,2,1,1,1,1,5,4,1,1,1,5
"982",5,4,2,5,5,5,4,2,4,4,4,3,1,4,5
"983",2,1,1,1,1,0,1,5,1,1,5,1,1,5,5
"984",4,0,4,4,2,2,5,2,5,5,5,5,5,4,5
"985",2,4,4,4,5,1,2,4,1,2,4,4,1,4,5
"986",1,1,1,1,1,2,1,1,1,2,1,1,1,1,3
"987",1,1,1,1,4,1,1,1,1,4,1,3,1,1,5
"988",5,5,4,5,5,5,5,4,5,4,4,4,5,4,5
"989",5,5,4,5,5,5,4,4,3,3,3,3,3,5,5
"990",5,5,1,4,5,5,3,1,2,5,5,4,1,4,5
"991",4,4,2,3,4,3,5,5,2,4,5,1,3,3,2
"992",4,4,2,4,4,4,4,3,4,4,4,4,4,4,4
"993",5,5,1,4,4,5,5,4,4,4,4,5,3,5,5
"994",5,5,1,3,4,4,4,1,3,4,5,5,1,4,5
"995",5,5,1,2,5,3,2,1,1,3,5,5,1,3,5
"996",4,4,1,1,4,2,2,1,1,1,4,3,1,1,5
"997",5,5,1,5,5,5,5,5,5,5,5,5,1,5,5
"998",4,2,1,1,1,4,1,1,1,4,1,1,1,4,4
"999",2,4,1,3,4,3,4,1,3,5,2,3,1,2,4
"1000",1,1,1,1,1,3,2,1,1,1,2,1,1,1,5
"1001",2,2,1,3,4,1,1,1,1,5,3,1,1,4,5
"1002",5,5,3,5,5,5,5,5,5,5,5,5,5,5,5
"1003",5,5,1,5,5,5,5,1,5,5,5,5,1,5,5
"1004",5,5,5,5,5,5,5,5,5,5,5,5,5,5,5
"1005",5,5,5,5,4,5,5,5,5,5,5,5,5,5,5
"1006",1,1,1,1,2,1,1,1,2,2,1,1,1,1,2
"1007",5,1,1,1,1,1,1,1,1,1,1,1,1,3,4
"1008",4,3,3,2,4,4,2,3,1,5,4,3,3,2,5
"1009",2,1,1,1,1,1,1,2,1,2,1,1,2,2,4
"1010",3,4,2,2,4,4,3,2,2,4,5,3,2,3,5
"1011",1,2,2,1,1,1,1,5,2,5,2,1,1,1,5
"1012",5,3,4,4,5,5,5,5,2,5,4,4,4,5,5
"1013",5,5,3,4,5,5,5,5,4,5,5,5,2,5,5
"1014",1,2,1,1,1,1,1,1,1,3,1,2,1,1,3
"1015",4,3,1,1,2,2,3,1,1,4,4,2,2,1,4
"1016",4,3,4,2,3,4,2,4,2,4,4,2,3,3,4
"1017",4,5,1,1,5,2,4,1,1,1,4,1,1,1,5
"1018",4,3,5,1,4,4,3,5,5,5,2,3,4,4,5
"1019",5,5,3,4,4,5,5,3,5,5,4,5,3,4,5
"1020",3,3,1,1,2,3,4,1,1,3,4,3,1,2,5
"1021",5,5,4,5,5,5,5,5,5,5,5,5,4,5,5
"1022",4,5,1,2,2,2,4,4,1,4,2,4,1,4,4
"1023",4,2,1,1,1,1,4,3,2,5,2,2,3,4,5
"1024",4,3,2,3,4,2,3,3,3,5,2,3,2,2,4
"1025",5,4,1,4,5,4,5,1,1,5,5,5,1,5,5
"1026",4,4,4,5,5,5,4,5,3,5,5,5,5,4,5
"1027",2,2,1,3,2,2,4,1,2,2,5,4,2,4,5
"1028",4,4,3,4,5,5,2,4,4,5,4,3,3,5,5
"1029",5,3,1,4,5,4,2,1,4,2,4,3,1,5,5
"1030",4,1,1,1,1,4,2,1,1,4,3,1,1,1,5
"1031",2,1,1,1,2,1,1,1,1,1,1,1,1,1,4
"1032",5,3,3,4,5,5,5,4,5,5,5,4,3,5,5
"1033",1,4,1,1,3,1,1,1,1,2,1,1,1,1,5
"1034",4,3,3,3,2,3,3,4,4,4,2,4,4,4,4
"1035",4,1,2,3,4,4,2,3,2,4,3,1,2,3,5
"1036",1,1,2,1,2,3,1,2,2,3,1,1,1,1,3
"1037",5,2,4,2,4,5,2,5,4,5,4,2,3,4,5
"1038",5,4,4,4,4,4,4,5,4,3,4,5,5,5,5
"1039",5,5,5,5,5,5,5,5,3,5,5,5,2,4,5
"1040",4,5,3,3,5,5,5,4,3,5,5,5,5,4,5
"1041",5,1,1,3,4,1,1,1,1,5,4,1,1,2,5
"1042",4,3,3,4,4,3,4,5,4,5,5,3,4,4,5
"1043",5,5,5,5,5,5,5,5,5,5,5,5,5,5,5
"1044",5,2,4,1,1,4,1,5,1,5,5,1,3,2,5
"1045",5,4,1,3,5,2,3,5,2,5,3,4,3,4,5
"1046",1,1,1,1,1,1,1,1,1,1,1,1,1,1,4
"1047",4,1,1,1,3,1,1,3,1,3,3,1,1,4,4
"1048",4,2,1,2,3,4,2,1,1,1,4,2,1,2,5
"1049",2,2,1,1,1,1,1,2,1,1,1,1,1,1,2
"1050",3,1,1,1,2,3,2,1,1,5,5,4,1,4,5
"1051",4,4,1,2,3,2,2,1,2,4,4,2,1,3,4
"1052",2,1,1,1,2,1,1,1,1,2,1,1,1,1,3
"1053",1,1,1,1,1,1,1,1,1,1,1,1,1,1,2
"1054",4,4,1,4,3,4,3,1,1,4,4,1,1,3,4
"1055",5,5,5,5,5,5,3,5,5,5,5,5,5,5,5
"1056",5,5,4,5,5,4,5,5,5,5,5,5,1,5,5
"1057",3,1,1,1,4,3,2,1,2,1,4,1,1,4,3
"1058",5,5,4,4,4,0,4,5,2,5,5,4,4,5,5
"1059",4,1,3,3,2,3,1,4,2,5,3,2,3,2,5
"1060",5,3,4,2,2,4,1,5,2,4,3,1,2,2,4
"1061",1,1,1,1,1,1,1,1,1,1,1,1,1,1,1
"1062",2,1,1,1,1,2,1,1,1,4,2,1,1,3,4
"1063",5,4,5,4,5,4,4,5,4,5,5,4,4,5,4
"1064",5,5,3,3,4,5,5,4,4,5,5,5,4,4,5
"1065",4,5,4,2,1,2,4,3,4,5,2,4,5,2,5
"1066",5,5,3,5,5,5,0,5,0,5,5,5,3,4,5
"1067",2,1,1,2,2,3,1,1,1,2,4,2,1,1,4
"1068",3,2,3,3,4,4,4,3,3,4,3,4,3,5,5
"1069",5,2,4,5,5,4,4,4,5,4,2,5,2,4,4
"1070",1,1,1,2,2,1,1,1,1,1,1,1,1,1,4
"1071",1,3,3,1,1,3,2,2,1,4,2,4,3,1,5
"1072",5,5,5,5,5,5,5,5,5,5,5,5,5,5,5
"1073",3,3,1,3,2,4,2,1,1,5,4,2,1,2,5
"1074",5,2,1,1,2,4,1,1,2,4,4,2,1,5,5
"1075",5,1,1,1,2,1,1,1,1,2,5,1,1,1,4
"1076",5,5,5,5,5,5,5,5,4,5,5,5,4,5,5
"1077",1,4,2,3,2,3,3,4,1,2,2,4,2,3,4
"1078",5,5,4,5,5,5,5,5,2,5,5,4,5,5,5
"1079",2,4,1,1,3,1,2,1,1,4,3,2,1,4,4
"1080",5,4,5,5,5,4,4,5,4,4,5,4,5,5,5
"1081",2,2,1,2,4,2,1,1,1,4,2,1,1,3,4
"1082",5,5,3,4,5,5,5,3,4,5,5,4,3,5,5
"1083",4,3,2,4,2,4,5,3,2,1,3,2,3,1,5
"1084",1,1,1,1,4,1,1,1,4,1,1,1,1,1,5
"1085",5,4,3,5,5,5,3,5,5,5,5,4,3,5,5
"1086",5,5,1,4,4,3,1,1,1,4,3,3,1,4,4
"1087",4,4,1,1,1,4,2,1,1,5,4,4,1,1,5
"1088",4,2,1,1,2,4,1,1,4,4,4,1,1,2,5
"1089",2,2,1,1,2,1,1,1,1,2,4,1,1,2,4
"1090",4,4,4,1,1,3,1,5,2,5,3,3,5,3,5
"1091",4,5,1,4,4,4,4,1,4,4,4,4,2,4,5
"1092",4,3,1,1,4,1,3,2,1,4,2,1,1,4,4
"1093",5,4,4,4,2,4,4,5,2,2,4,4,2,2,5
"1094",5,5,4,5,5,5,5,5,5,5,5,5,5,5,5
"1095",2,4,1,2,2,4,4,2,1,4,2,3,1,3,5
"1096",5,1,1,1,3,3,4,1,1,3,3,1,1,4,4
"1097",4,3,1,4,4,1,1,1,1,4,1,1,1,5,3
"1098",5,3,1,5,4,5,4,3,4,1,2,5,4,4,5
"1099",5,5,4,5,5,5,4,2,3,5,5,5,3,5,5
"1100",5,3,3,5,4,3,4,5,4,4,3,3,5,5,5
"1101",5,4,3,2,3,5,5,4,2,5,3,5,2,5,5
"1102",5,1,1,1,1,5,0,1,1,5,5,1,1,5,1
"1103",5,3,1,2,1,4,2,1,4,3,4,2,1,3,5
"1104",5,5,5,5,5,5,3,5,5,5,4,5,5,5,5
"1105",5,3,1,1,3,2,2,2,1,4,4,2,1,3,5
"1106",5,5,5,5,5,5,5,5,5,5,5,5,5,5,5
"1107",5,5,5,3,3,5,4,5,4,5,3,5,3,4,5
"1108",4,1,1,1,1,1,1,1,1,4,2,1,1,2,2
"1109",4,5,5,4,4,4,4,5,5,5,4,5,4,5,5
"1110",5,5,5,5,5,5,4,5,5,5,5,5,5,5,5
"1111",4,3,3,3,5,2,4,2,5,2,4,4,3,5,4
"1112",5,5,5,4,4,5,4,4,3,4,4,4,3,3,5
"1113",5,2,4,2,2,5,2,5,2,5,4,2,4,2,5
"1114",5,4,4,3,5,5,3,5,2,1,5,3,5,5,5
"1115",2,4,4,1,1,2,4,4,2,5,3,4,2,4,5
"1116",2,4,1,1,1,2,2,1,1,1,3,2,1,2,1
"1117",5,4,2,4,4,4,4,4,2,4,3,4,3,3,5
"1118",4,5,2,4,4,4,4,4,4,5,4,3,5,5,4
"1119",4,4,3,3,3,2,2,3,3,4,3,3,3,3,5
"1120",5,5,1,3,5,4,5,1,1,5,5,5,3,5,5
"1121",5,3,4,2,1,3,2,5,3,4,5,4,4,5,5
"1122",3,1,1,1,2,2,1,1,1,4,1,2,1,1,3
"1123",5,4,3,5,5,3,1,3,1,4,1,1,1,5,5
"1124",2,1,1,2,1,1,1,2,2,4,1,2,1,1,4
"1125",5,5,3,2,4,5,2,3,1,2,4,2,2,4,5
"1126",4,4,2,2,2,4,2,2,2,5,4,2,2,4,4
"1127",5,5,4,4,5,5,4,4,4,5,4,3,3,4,5
"1128",4,4,4,3,2,5,4,5,4,5,2,5,4,4,5
"1129",4,3,1,4,5,2,1,1,2,5,5,1,1,4,5
"1130",5,5,5,5,5,5,5,5,4,4,5,5,5,4,5
"1131",5,5,3,4,5,5,5,4,3,4,5,5,4,5,5
"1132",1,3,2,2,2,1,3,4,2,4,3,3,4,2,4
"1133",5,1,1,5,5,5,5,5,5,5,5,1,5,5,5
"1134",1,1,1,1,4,1,1,1,1,1,1,1,1,1,1
"1135",4,3,2,2,5,1,1,4,5,1,5,1,1,1,5
"1136",5,3,1,1,4,3,3,3,2,2,2,3,1,1,4
"1137",3,5,3,5,4,5,4,3,4,4,3,4,3,4,5
"1138",1,2,1,2,1,2,1,1,1,2,3,1,1,1,4
"1139",4,2,1,1,4,2,1,1,1,3,3,1,1,2,5
"1140",3,2,1,2,1,3,1,1,1,1,1,1,1,2,1
"1141",5,5,5,1,5,3,2,5,1,5,3,4,2,5,4
"1142",5,5,5,3,4,4,2,5,1,4,5,2,5,4,5
"1143",5,3,2,2,2,5,3,3,1,5,4,2,3,3,4
"1144",5,3,5,5,4,5,4,5,3,5,5,3,5,4,5
"1145",5,3,4,3,4,2,2,5,4,5,4,2,4,3,5
"1146",4,1,1,1,1,4,1,1,1,1,4,1,1,1,4
"1147",2,1,1,1,2,2,1,1,1,4,3,1,1,2,5
"1148",2,4,1,2,1,2,4,1,1,4,4,1,1,1,5
"1149",3,2,1,1,1,2,2,1,1,3,3,1,1,2,4
"1150",5,5,1,3,5,5,5,1,1,5,5,5,1,5,5
"1151",5,5,1,3,4,4,5,1,2,1,5,4,1,4,5
"1152",3,2,1,1,3,3,1,2,1,3,4,1,2,1,4
"1153",3,4,2,3,3,4,3,2,4,4,3,4,3,4,5
"1154",3,1,2,2,4,2,2,1,1,3,3,2,1,3,4
"1155",5,5,3,4,4,4,5,4,2,2,4,4,4,2,4
"1156",4,1,1,2,2,1,2,1,1,1,3,1,1,1,4
"1157",5,5,3,4,5,5,4,3,5,5,5,4,2,5,5
"1158",5,4,1,5,4,5,4,2,3,4,4,4,3,5,5
"1159",5,1,1,3,3,4,1,1,1,4,4,1,1,2,5
"1160",4,4,1,2,1,2,1,4,1,5,2,2,4,2,5
"1161",5,5,1,5,5,5,5,5,3,5,5,4,2,4,5
"1162",3,2,1,1,4,1,1,2,1,1,1,1,1,3,5
"1163",2,2,1,3,2,4,3,1,2,4,3,2,1,1,4
"1164",1,2,1,2,4,1,2,1,1,4,2,1,1,1,3
"1165",5,1,1,2,1,2,1,1,1,4,1,1,1,2,2
"1166",2,3,1,2,1,2,2,1,1,3,2,2,1,2,4
"1167",1,1,1,1,1,1,1,1,1,2,1,1,1,1,2
"1168",5,2,1,3,2,5,2,2,3,1,5,5,4,3,4
"1169",1,2,1,4,4,2,2,2,2,3,1,4,2,4,5
"1170",1,1,1,1,1,1,1,1,1,1,1,1,1,1,1
"1171",1,2,1,1,1,1,4,1,1,3,4,4,1,1,5
"1172",2,2,1,2,3,2,2,1,1,2,2,1,1,1,2
"1173",4,2,2,2,5,4,1,3,4,5,4,1,1,5,5
"1174",2,1,1,1,1,2,1,1,1,2,5,1,1,1,4
"1175",4,1,1,3,4,1,2,1,1,1,4,1,1,1,4
"1176",4,2,3,3,4,2,1,5,2,5,4,1,5,4,4
"1177",3,3,1,1,3,1,3,1,1,4,3,3,1,2,5
"1178",1,2,1,1,4,1,1,1,3,4,3,2,1,2,5
"1179",4,1,1,3,4,2,1,3,2,4,4,1,2,3,5
"1180",1,1,1,1,1,1,1,1,1,1,2,1,1,1,1
"1181",4,1,4,4,3,4,3,5,1,3,1,2,4,1,3
"1182",4,4,5,5,1,2,5,5,2,5,4,5,5,4,5
"1183",2,1,1,1,2,1,1,1,1,3,1,1,1,1,4
"1184",4,4,2,2,4,4,2,2,1,1,1,1,1,1,4
"1185",5,5,5,5,5,5,5,5,5,5,5,5,5,5,5
"1186",3,4,2,3,3,3,4,2,3,3,3,4,3,5,4
"1187",1,2,1,2,2,2,1,3,1,2,1,2,1,3,4
"1188",5,3,2,3,5,5,2,2,2,2,3,1,2,3,5
"1189",5,5,5,5,5,5,5,5,5,5,5,5,5,5,5
"1190",1,2,1,4,2,3,4,1,4,4,1,4,2,2,4
"1191",4,4,1,4,4,5,5,3,4,5,4,4,4,5,5
"1192",5,1,1,1,4,5,2,1,1,3,4,2,1,2,5
"1193",5,3,3,4,2,2,2,4,1,2,5,2,3,5,5
"1194",4,2,1,4,1,4,4,1,1,1,4,2,1,4,5
"1195",4,4,1,1,2,1,4,1,5,4,3,4,1,5,5
"1196",5,5,5,4,3,5,3,5,3,4,3,3,4,3,5
"1197",1,1,1,2,4,1,1,1,1,1,1,1,1,1,4
"1198",5,5,2,2,5,5,3,2,3,5,5,5,3,5,5
"1199",4,1,2,1,2,1,2,3,4,4,4,1,3,4,4
"1200",1,1,1,1,2,1,1,1,1,1,1,1,1,1,2
"1201",5,4,1,1,4,4,4,1,3,5,5,4,1,4,5
"1202",5,5,3,5,5,5,5,3,3,5,5,5,3,5,5
"1203",3,3,1,3,5,4,1,2,3,4,4,2,3,2,5
"1204",3,2,1,1,1,1,1,1,1,3,2,1,1,1,3
"1205",3,4,0,4,4,4,2,2,2,2,2,4,0,4,5
"1206",2,4,1,2,3,3,1,1,2,3,3,1,1,2,4
"1207",4,4,1,1,2,4,1,4,1,5,2,1,1,1,5
"1208",3,2,1,3,3,3,1,1,2,4,3,1,1,4,3
"1209",4,3,4,1,1,4,3,4,2,2,4,3,4,2,5
"1210",1,1,1,1,1,1,1,1,1,1,1,1,1,1,1
"1211",4,2,1,2,3,4,2,1,1,1,4,2,1,4,4
"1212",2,3,1,1,1,1,4,1,1,2,3,2,1,1,4
"1213",4,1,1,2,2,1,1,4,1,4,1,1,1,1,4
"1214",4,5,4,4,4,5,5,5,4,4,5,5,5,4,5
"1215",1,2,1,2,3,1,2,1,1,5,1,1,1,2,4
"1216",1,2,1,1,2,1,1,1,2,4,1,1,1,1,4
"1217",4,5,4,3,4,4,4,4,1,1,2,2,2,1,4
"1218",4,1,1,1,1,1,1,1,1,4,2,1,1,1,4
"1219",3,2,1,2,2,2,2,2,2,3,3,3,2,3,4
"1220",1,1,1,1,1,1,1,1,1,1,1,1,1,1,1
"1221",5,4,3,4,4,3,4,3,3,4,2,3,3,5,5
"1222",1,1,1,1,1,1,1,1,1,4,1,1,1,1,3
"1223",4,3,1,1,1,1,1,1,1,4,2,1,1,1,4
"1224",2,2,1,1,3,2,2,1,1,2,3,2,1,2,1
"1225",5,2,4,4,5,5,2,5,1,2,5,2,2,1,5
"1226",4,3,5,4,5,4,3,5,5,3,4,4,5,4,5
"1227",4,1,1,1,4,1,2,1,1,5,3,1,1,1,5
"1228",3,4,4,2,5,3,4,3,2,4,3,4,2,2,5
"1229",3,2,2,4,3,2,2,2,2,4,2,3,3,3,3
"1230",2,1,4,3,2,2,1,3,4,4,2,1,2,2,5
"1231",1,1,1,1,1,1,1,1,1,1,1,1,1,1,1
"1232",5,2,2,1,4,2,4,2,1,3,4,2,1,1,5
"1233",1,1,1,2,2,1,1,1,1,4,1,1,1,1,2
"1234",1,1,1,2,3,1,1,1,3,1,2,1,1,2,5
"1235",4,3,3,2,3,3,3,4,3,3,4,3,3,5,5
"1236",1,4,1,1,1,1,5,1,1,5,1,1,1,1,5
"1237",5,5,3,5,5,5,5,5,3,5,5,5,3,5,5
"1238",5,5,4,4,2,2,3,4,2,5,4,4,2,3,5
"1239",1,4,1,1,3,1,1,1,1,4,1,1,1,1,3
"1240",2,2,1,4,4,1,1,4,4,3,2,2,1,3,4
"1241",5,2,5,4,4,4,4,5,2,1,4,4,3,4,4
"1242",1,2,1,2,1,2,3,1,1,2,2,2,1,1,2
"1243",5,2,1,2,4,5,1,1,1,3,3,1,1,3,3
"1244",2,4,1,4,4,4,4,2,2,4,2,4,2,3,4
"1245",5,1,1,1,1,5,1,3,1,2,2,1,1,3,5
"1246",5,5,1,4,4,5,4,3,5,4,4,5,4,4,5
"1247",5,5,5,5,5,5,5,5,5,5,5,5,5,5,5
"1248",1,1,1,1,5,1,1,1,4,5,1,1,1,5,5
"1249",2,1,1,3,5,2,2,2,1,5,2,2,1,4,5
"1250",2,2,2,1,2,2,3,3,3,3,2,3,3,2,4
"1251",3,1,1,3,2,3,1,1,1,1,4,1,1,4,3
"1252",1,1,1,1,1,1,1,1,1,2,1,1,1,1,2
"1253",5,4,2,2,5,5,2,4,2,4,4,3,4,5,5
"1254",5,3,5,5,5,5,2,5,4,4,3,3,3,4,5
"1255",1,2,1,1,1,2,4,2,5,3,3,2,1,2,4
"1256",4,4,3,4,5,3,3,3,5,5,4,4,3,4,5
"1257",1,1,1,1,1,1,2,1,1,4,1,1,1,1,5
"1258",3,3,3,3,3,3,3,0,3,3,3,3,3,3,3
"1259",1,4,2,2,4,2,1,3,1,3,3,1,1,2,4
"1260",4,4,1,1,2,1,2,1,1,3,4,2,1,1,4
"1261",3,3,2,3,4,3,2,0,2,4,2,2,2,5,4
"1262",3,3,4,4,4,3,2,5,2,4,4,2,2,5,4
"1263",5,1,1,5,5,1,1,3,1,5,4,1,1,5,5
"1264",4,1,1,1,2,4,0,1,1,3,3,1,1,3,4
"1265",5,3,5,5,5,3,3,5,1,1,5,1,5,5,5
"1266",1,2,1,1,2,1,1,1,1,3,1,1,1,1,3
"1267",2,2,1,2,2,2,2,1,1,2,1,1,1,1,4
"1268",5,4,2,5,5,5,4,2,3,5,4,3,2,5,5
"1269",5,5,3,1,5,5,5,3,2,4,4,2,1,4,3
"1270",5,5,2,5,5,5,5,1,1,5,5,5,2,5,5
"1271",3,4,4,4,2,4,3,5,2,3,2,4,4,4,4
"1272",1,1,1,1,4,1,1,1,1,4,1,1,1,1,3
"1273",3,1,1,2,4,4,2,1,2,3,3,1,1,3,4
"1274",5,3,2,5,5,3,1,3,5,4,4,4,3,5,5
"1275",3,2,1,2,1,1,2,1,1,2,3,1,1,1,5
"1276",5,5,4,5,5,5,3,4,4,5,4,4,3,3,5
"1277",2,2,1,2,2,1,4,1,1,2,1,2,1,2,4
"1278",4,4,1,1,1,2,1,1,1,3,1,1,1,1,3
"1279",2,1,1,1,2,2,1,2,1,2,3,1,1,2,5
"1280",3,4,1,4,4,3,4,1,4,4,3,4,1,4,4
"1281",5,5,3,4,5,5,4,4,5,5,5,5,4,5,5
"1282",5,5,4,4,4,5,5,5,5,3,5,5,4,5,5
"1283",5,5,5,3,5,4,5,5,5,5,4,5,5,5,5
"1284",4,3,3,4,2,4,3,4,1,2,3,2,2,2,2
"1285",4,3,3,4,4,3,4,4,3,4,4,3,4,4,4
"1286",2,2,2,1,5,3,1,3,1,4,2,3,3,2,5
"1287",1,3,1,4,4,1,1,1,1,4,1,1,1,1,3
"1288",4,4,4,3,2,4,3,5,4,4,3,4,4,4,4
"1289",4,1,1,1,4,1,3,1,1,1,4,1,1,4,5
"1290",4,2,1,5,5,5,2,1,2,5,5,4,1,5,5
"1291",3,1,1,1,3,1,1,1,1,3,3,1,1,1,3
"1292",5,5,1,4,1,4,2,1,1,4,4,4,1,3,4
"1293",4,5,3,4,4,4,5,3,4,4,4,5,3,3,5
"1294",5,4,1,5,5,5,1,1,3,5,4,1,1,5,5
"1295",2,2,2,4,4,2,2,2,2,4,3,2,2,4,5
"1296",4,2,1,1,2,2,1,1,1,1,2,1,0,1,2
"1297",4,1,1,1,1,1,1,1,1,4,1,1,1,3,3
"1298",4,2,2,2,2,2,2,3,3,5,2,2,2,2,5
"1299",4,2,3,4,2,4,2,3,2,4,2,3,4,4,5
"1300",4,3,1,3,2,3,3,1,2,5,4,3,3,5,5
"1301",4,3,2,4,3,4,4,3,3,4,4,4,3,4,4
"1302",1,1,0,2,1,1,1,2,2,2,1,1,1,1,1
"1303",5,1,5,5,5,2,1,5,2,5,2,1,5,5,5
"1304",5,2,3,4,4,2,1,5,2,4,1,2,3,4,5
"1305",5,4,5,3,5,3,5,5,2,5,4,4,5,5,5
"1306",2,2,1,2,5,1,1,1,1,3,2,1,1,1,3
"1307",5,5,1,1,4,5,3,1,2,4,4,1,1,4,5
"1308",5,5,4,5,5,5,4,5,5,5,5,4,4,5,5
"1309",5,5,3,5,5,5,5,3,3,5,5,5,5,5,5
"1310",5,5,3,5,5,5,5,3,5,5,5,4,4,5,5
"1311",1,1,1,1,1,1,1,1,1,1,1,1,1,1,1
"1312",3,4,2,5,4,4,4,3,3,3,4,3,3,5,5
"1313",4,2,1,1,4,2,1,1,1,4,2,2,2,2,5
"1314",4,5,1,2,2,4,5,1,4,1,2,4,1,1,2
"1315",5,5,1,5,5,5,5,1,1,5,5,4,1,5,5
"1316",4,4,1,4,4,4,4,2,2,4,4,4,3,3,4
"1317",4,3,1,3,4,2,2,3,4,4,3,3,4,3,4
"1318",4,2,5,2,4,1,2,5,2,4,3,1,5,2,4
"1319",5,4,3,3,5,4,4,3,4,5,4,4,3,4,5
"1320",5,4,5,5,5,5,5,3,5,4,5,5,2,5,4
"1321",4,4,1,5,5,3,5,1,1,3,5,1,1,4,5
"1322",5,4,2,3,2,4,4,2,1,5,4,3,2,2,5
"1323",5,3,1,4,4,5,5,1,1,4,5,3,1,2,5
"1324",1,1,1,1,1,1,1,1,1,1,1,1,1,1,1
"1325",5,5,5,5,5,5,1,5,3,5,5,3,3,3,5
"1326",5,4,1,4,3,4,2,1,2,4,5,3,1,3,5
"1327",1,1,2,1,2,2,2,2,1,5,1,2,2,1,3
"1328",3,4,5,1,3,1,4,5,3,3,4,2,4,4,5
"1329",1,5,1,1,5,4,5,5,5,1,5,5,1,4,5
"1330",5,5,3,3,4,4,4,5,2,5,5,3,4,3,5
"1331",4,2,1,1,1,1,1,2,1,5,2,1,1,2,5
"1332",4,2,3,2,4,4,3,4,4,4,2,2,4,4,4
"1333",3,4,1,5,4,4,3,2,3,4,4,3,1,5,5
"1334",2,2,1,1,1,1,1,1,1,3,1,1,1,1,2
"1335",3,3,4,1,2,3,1,5,3,4,4,1,5,4,5
"1336",4,1,4,1,1,4,1,1,1,5,4,1,1,1,5
"1337",4,4,2,4,2,4,2,3,2,3,4,3,2,2,4
"1338",5,5,1,3,1,5,5,1,3,5,3,2,0,3,5
"1339",5,5,1,5,5,5,5,5,5,5,5,5,3,5,5
"1340",5,5,5,5,5,5,5,5,4,5,4,5,4,5,5
"1341",4,4,1,4,5,3,5,1,2,5,4,5,1,5,5
"1342",4,2,4,5,5,3,3,5,4,4,5,3,2,4,5
"1343",3,2,1,2,3,2,2,2,1,4,4,2,1,1,5
"1344",4,4,1,4,3,4,5,1,1,1,3,4,1,5,5
"1345",5,1,4,5,1,5,5,5,3,5,5,4,5,4,4
"1346",5,1,1,1,2,2,1,1,1,2,3,1,1,1,5
"1347",1,5,1,1,1,1,1,2,1,5,1,2,1,1,4
"1348",2,5,1,5,4,5,5,1,2,1,2,5,1,2,5
"1349",2,3,1,1,2,2,1,1,1,2,1,1,1,2,4
"1350",5,2,5,5,5,3,1,5,2,4,5,1,4,4,4
"1351",5,2,5,3,5,5,2,5,4,4,5,3,5,4,5
"1352",5,5,1,1,1,4,5,1,1,1,5,5,1,5,5
"1353",5,5,1,1,1,5,3,5,1,3,5,1,5,3,5
"1354",5,2,1,2,5,3,1,1,2,3,3,1,1,2,5
"1355",3,3,2,2,3,4,4,2,1,4,4,2,3,4,5
"1356",4,4,3,3,4,4,3,3,2,3,4,3,3,4,4
"1357",5,5,4,4,5,5,2,4,1,4,4,4,2,2,5
"1358",1,2,1,1,1,4,2,2,1,4,4,1,1,1,3
"1359",1,5,1,1,5,3,1,1,5,5,1,1,3,5,4
"1360",4,2,3,1,1,4,1,1,1,4,4,2,1,1,5
"1361",4,4,2,4,4,4,4,2,2,4,4,4,2,4,4
"1362",5,4,3,2,5,3,5,2,4,5,3,3,3,4,5
"1363",4,3,1,2,1,4,4,5,1,4,3,1,1,1,5
"1364",2,1,4,4,3,1,1,4,1,5,1,1,3,2,3
"1365",4,2,1,1,4,4,4,2,1,4,2,2,1,2,5
"1366",4,1,1,1,4,1,1,1,1,1,1,1,1,3,2
"1367",3,1,1,1,1,1,2,1,1,1,1,2,1,1,4
"1368",1,1,1,1,4,1,1,1,1,4,4,1,1,1,1
"1369",5,5,4,5,5,5,5,3,3,5,5,5,3,3,5
"1370",1,3,1,1,1,3,1,1,1,2,1,1,1,4,3
"1371",3,3,3,3,3,3,3,3,3,3,3,3,3,5,5
"1372",5,4,2,2,3,5,2,5,2,2,5,1,4,4,5
"1373",3,3,1,3,5,5,1,1,1,1,5,1,1,5,5
"1374",1,3,3,1,1,1,1,1,1,1,1,1,1,1,1
"1375",4,4,2,2,4,2,4,2,1,5,2,2,4,3,5
"1376",5,5,3,3,3,5,4,5,4,5,5,5,4,3,5
"1377",1,1,1,1,1,1,1,1,1,1,1,1,1,1,3
"1378",3,2,2,2,4,2,2,3,1,3,4,3,2,2,4
"1379",2,1,1,1,4,1,1,1,1,2,4,1,1,1,2
"1380",3,4,1,4,5,4,1,4,1,4,4,1,2,1,4
"1381",2,2,2,2,5,2,2,2,1,5,2,1,1,4,5
"1382",1,1,1,1,1,1,1,1,1,1,1,1,1,1,1
"1383",5,2,4,2,4,2,4,4,5,4,5,2,4,5,5
"1384",4,1,2,5,2,4,3,4,1,4,3,1,1,1,2
"1385",5,1,5,4,5,5,5,3,4,5,5,5,3,5,5
"1386",5,5,5,5,5,5,5,5,5,5,5,5,5,5,5
"1387",4,2,1,2,3,2,1,1,1,3,3,1,1,2,2
"1388",4,1,1,1,1,1,1,1,1,4,1,1,1,1,4
"1389",1,4,1,2,4,2,1,1,1,3,3,1,1,2,3
"1390",4,3,1,1,1,1,2,1,1,1,2,1,1,1,1
"1391",1,1,1,1,1,1,1,1,1,1,1,1,1,1,2
"1392",1,1,1,1,1,1,1,1,1,1,1,1,1,1,1
"1393",5,5,5,5,5,5,3,5,3,3,4,5,5,5,5
"1394",3,1,1,3,2,1,1,1,1,1,1,1,1,1,5
"1395",2,1,1,2,1,4,1,1,1,2,4,1,1,1,1
"1396",2,2,3,1,2,1,2,3,2,4,2,1,3,3,2
"1397",2,3,4,1,1,2,2,4,2,4,3,2,2,1,5
"1398",3,1,1,1,2,2,1,1,1,4,3,1,1,1,3
"1399",5,5,4,4,5,4,5,5,4,5,5,5,4,5,5
"1400",1,1,1,2,1,2,1,3,1,4,1,1,4,1,2
"1401",5,5,4,5,5,5,5,5,5,5,5,5,3,3,5
"1402",5,5,1,1,3,5,3,1,5,5,3,1,1,1,5
"1403",4,1,1,3,2,1,1,1,1,4,1,1,1,1,4
"1404",4,2,4,1,3,3,2,4,1,4,2,3,1,4,4
"1405",1,1,1,1,1,1,1,1,1,1,1,1,1,1,1
"1406",1,3,1,1,1,1,3,2,1,1,1,3,1,1,3
"1407",3,2,4,3,4,1,1,4,3,3,2,2,3,1,4
"1408",4,4,4,4,4,4,4,5,2,4,3,2,4,4,5
"1409",5,5,5,5,5,5,5,5,5,5,5,5,5,5,5
"1410",5,3,5,3,5,3,4,5,1,5,5,3,5,3,5
"1411",3,4,1,2,5,3,3,1,1,4,2,4,1,3,5
"1412",4,2,1,2,3,1,1,1,1,1,0,2,1,1,1
"1413",3,2,5,2,4,5,1,5,4,3,2,2,4,3,5
"1414",4,3,2,4,4,4,2,2,2,1,4,2,3,4,5
"1415",1,4,1,1,5,1,4,1,1,5,1,4,1,1,5
"1416",1,1,1,1,4,1,1,2,1,2,1,1,1,0,1
"1417",1,1,1,1,1,1,1,1,1,1,1,1,1,1,1
"1418",1,1,1,1,1,1,1,1,1,1,1,1,1,1,1
"1419",2,2,1,1,2,1,1,1,1,4,1,1,1,2,5
"1420",1,5,4,1,4,5,5,1,1,3,1,4,1,1,5
"1421",4,2,1,1,0,1,2,1,1,2,3,0,1,2,4
"1422",4,2,1,2,5,4,1,2,1,4,4,1,1,1,5
"1423",4,1,1,1,1,4,1,1,1,1,1,1,1,1,1
"1424",5,5,1,4,5,5,1,1,2,5,4,4,2,5,5
"1425",1,1,1,1,5,3,1,2,2,1,1,1,1,1,3
"1426",2,1,1,2,2,2,1,2,2,2,1,1,1,1,2
"1427",4,3,1,1,2,3,2,1,1,2,3,1,1,1,5
"1428",1,1,1,1,1,1,1,1,1,1,1,1,1,1,1
"1429",5,5,2,4,5,5,3,3,3,3,4,4,3,5,4
"1430",2,4,1,1,1,1,4,1,1,1,3,3,1,1,1
"1431",2,1,1,1,3,1,1,1,1,3,2,1,1,1,1
"1432",4,2,4,2,4,4,2,5,2,3,4,3,2,4,5
"1433",4,3,5,4,3,5,2,5,4,4,4,2,5,4,5
"1434",2,4,1,4,1,4,3,1,4,3,1,3,1,1,1
"1435",5,3,1,2,5,2,4,2,1,1,3,4,1,3,5
"1436",2,1,2,4,2,2,4,2,2,4,2,2,2,2,4
"1437",3,3,1,2,2,4,2,1,1,4,3,1,1,2,3
"1438",4,4,1,4,5,5,5,1,1,1,4,4,1,3,3
"1439",2,1,1,1,1,1,1,1,1,3,1,1,1,1,3
"1440",4,1,1,2,2,3,2,2,2,4,4,1,1,2,2
"1441",2,1,1,2,2,1,1,1,1,3,1,2,1,1,2
"1442",3,4,1,1,2,5,2,4,1,4,2,1,1,1,4
"1443",4,5,3,1,4,4,5,5,1,3,3,4,4,5,5
"1444",2,3,1,1,1,1,4,2,2,2,1,2,1,2,4
"1445",4,3,2,3,5,4,1,1,2,1,2,3,3,4,5
"1446",4,2,1,1,2,1,1,1,1,2,1,2,1,1,3
"1447",4,2,1,2,4,5,3,1,1,5,3,4,1,1,5
"1448",5,2,1,1,4,4,1,1,1,5,5,1,1,1,4
"1449",4,2,1,1,2,4,1,1,2,2,4,2,1,1,2
"1450",5,5,2,4,5,5,5,4,5,5,5,5,5,5,5
"1451",5,5,1,3,5,5,5,5,2,5,5,5,5,3,5
"1452",4,4,2,3,4,2,2,4,2,4,2,3,4,2,4
"1453",5,5,5,4,4,5,4,5,4,5,4,4,3,4,5
"1454",2,2,4,3,3,2,2,4,2,2,2,3,2,3,4
"1455",1,5,5,5,5,4,5,4,4,4,5,4,5,4,5
"1456",4,5,2,3,2,3,4,2,1,5,4,4,1,2,3
"1457",4,3,1,1,3,2,1,1,1,1,2,1,1,2,3
"1458",3,4,2,3,3,3,3,3,3,3,3,3,3,3,4
"1459",5,4,4,3,4,5,3,5,3,5,4,3,4,3,5
"1460",3,5,3,2,4,5,4,2,1,5,2,1,1,3,3
"1461",3,2,4,1,1,1,1,4,2,4,2,1,3,1,4
"1462",5,2,1,3,5,4,4,1,5,5,4,5,1,5,5
"1463",1,2,1,2,1,2,2,1,2,2,2,2,1,2,2
"1464",3,1,3,1,3,1,1,4,1,4,1,3,1,3,3
"1465",3,1,1,1,3,4,3,2,1,3,3,2,1,2,4
"1466",4,3,1,2,1,2,4,3,2,5,2,4,3,4,5
"1467",5,5,3,4,4,4,3,3,2,4,4,4,3,4,5
"1468",2,1,1,1,1,1,1,3,1,3,2,2,1,2,5
"1469",1,1,1,1,2,1,1,2,1,1,1,1,0,1,1
"1470",4,4,4,4,4,4,4,4,4,4,4,4,4,4,4
"1471",5,5,1,1,4,1,1,1,1,4,3,3,1,1,5
"1472",2,3,1,2,3,3,2,1,3,4,3,2,1,3,3
"1473",4,3,3,4,4,3,3,5,3,3,4,3,4,4,5
"1474",4,4,3,4,4,4,4,3,4,4,4,4,3,4,4
"1475",5,4,2,2,1,3,4,2,3,4,3,2,1,3,5
"1476",3,3,3,5,5,5,5,3,3,3,3,5,3,5,5
"1477",3,2,3,2,2,1,1,3,1,5,4,1,2,1,4
"1478",4,4,2,2,5,4,2,3,2,5,5,2,2,4,5
"1479",3,1,2,1,2,1,1,3,3,4,3,1,3,4,3
"1480",1,2,1,2,1,2,2,2,2,4,2,1,1,2,3
"1481",5,5,4,5,5,5,4,4,5,3,5,4,5,5,5
"1482",1,1,1,1,5,3,1,1,1,5,1,5,1,1,5
"1483",4,2,1,2,3,5,2,1,1,3,3,2,1,2,5
"1484",5,2,1,1,2,1,3,1,1,1,1,2,1,3,5
"1485",4,1,1,1,1,1,1,1,1,1,1,1,1,1,4
"1486",5,5,1,3,3,5,3,1,5,5,5,5,1,5,5
"1487",4,4,4,5,5,5,5,5,4,5,4,4,4,5,5
"1488",3,3,2,4,5,4,2,2,2,4,4,3,3,5,5
"1489",4,2,1,1,5,1,1,1,1,3,3,1,1,1,5
"1490",4,3,4,3,5,4,2,4,5,4,4,2,4,5,5
"1491",5,5,5,5,5,5,5,5,5,5,5,5,4,5,5
"1492",3,3,1,2,3,2,2,3,2,5,3,3,4,2,5
"1493",3,5,4,5,3,4,5,5,4,4,5,5,5,5,5
"1494",5,5,1,5,4,1,5,3,2,3,5,5,3,5,5
"1495",1,1,1,1,1,1,1,1,1,1,4,1,1,1,5
"1496",5,1,1,1,1,1,1,1,1,1,5,1,1,1,5
"1497",5,4,2,5,5,5,4,3,3,5,5,3,4,5,5
"1498",3,4,4,2,4,2,3,2,4,2,2,3,2,2,3
"1499",3,4,1,3,4,5,5,1,2,4,4,5,1,4,5
"1500",4,3,3,2,4,5,4,4,3,5,5,3,4,5,5
"1501",1,1,1,1,1,1,1,1,1,1,1,1,1,1,1
"1502",5,5,1,4,3,4,5,1,1,5,4,5,1,5,5
"1503",4,2,1,2,4,4,4,1,5,5,4,4,1,2,5
"1504",1,2,1,1,2,1,1,1,1,2,1,1,1,1,3
"1505",5,5,3,4,4,5,4,3,3,4,5,5,3,5,5
"1506",4,5,4,4,4,4,4,5,4,5,4,0,4,5,5
"1507",4,3,4,2,4,4,4,4,4,2,4,2,2,2,4
"1508",5,3,1,1,4,1,1,1,1,1,1,1,1,4,5
"1509",5,5,2,4,4,5,5,3,4,1,5,4,2,4,5
"1510",5,5,5,5,5,5,5,5,5,5,5,5,5,5,5
"1511",1,1,1,1,1,1,3,1,4,4,3,2,1,3,5
"1512",5,5,2,4,4,4,1,3,3,4,4,2,1,4,5
"1513",1,3,4,2,5,1,4,5,3,2,1,3,2,3,4
"1514",4,2,4,2,4,3,2,4,2,2,2,3,3,3,5
"1515",4,4,1,1,2,5,1,2,3,4,4,3,3,4,5
"1516",5,4,5,4,5,2,5,5,2,5,5,4,2,5,5
"1517",5,4,1,1,4,2,2,1,1,1,5,4,1,2,5
"1518",4,5,1,3,4,4,4,2,1,4,2,2,1,1,4
"1519",2,1,1,4,3,2,1,1,2,3,1,1,1,2,3
"1520",5,5,4,5,5,5,5,5,5,5,5,5,4,5,5
"1521",1,2,1,1,2,2,1,1,1,3,3,2,1,2,5
"1522",5,5,1,5,5,5,5,1,5,5,5,5,1,5,5
"1523",2,4,2,4,4,4,2,2,4,5,2,4,2,4,4
"1524",1,1,1,1,1,5,3,1,1,1,1,2,1,5,5
"1525",5,1,1,1,1,1,1,5,1,5,1,1,1,5,1
"1526",5,4,4,4,3,3,3,5,2,5,3,3,1,2,3
"1527",5,5,4,5,0,5,5,5,5,5,5,5,5,5,5
"1528",5,4,1,4,4,4,2,3,2,5,4,2,2,5,5
"1529",4,5,5,4,5,5,2,5,5,5,4,5,5,5,1
"1530",3,5,5,5,5,5,5,1,5,5,5,5,5,5,1
"1531",4,3,1,3,5,3,3,1,4,4,4,3,1,4,5
"1532",2,1,1,1,2,1,1,1,1,2,2,1,1,1,3
"1533",1,5,1,1,5,1,1,1,1,3,1,1,1,1,5
"1534",5,1,1,2,5,1,1,3,2,5,4,1,3,5,5
"1535",1,1,2,1,2,2,1,4,3,3,4,1,2,1,4
"1536",4,1,1,2,2,4,1,1,1,1,3,1,1,2,4
"1537",4,3,1,3,5,4,1,1,2,3,4,3,1,3,5
"1538",1,2,1,1,1,1,3,2,1,3,2,1,1,3,5
"1539",5,1,4,0,2,4,1,5,3,5,2,1,1,5,5
"1540",4,4,2,2,2,4,4,3,4,4,3,4,2,3,3
"1541",4,4,1,1,5,5,2,3,2,4,3,2,1,1,5
"1542",1,4,4,2,4,4,2,1,1,4,4,2,1,4,5
"1543",4,3,3,3,4,1,3,3,3,4,4,2,3,3,5
"1544",4,4,5,4,2,2,4,5,3,5,5,4,5,4,5
"1545",4,2,1,2,4,3,1,1,1,2,2,2,1,2,4
"1546",5,3,1,2,4,4,2,1,1,4,4,1,1,3,4
"1547",2,4,1,2,3,3,4,1,4,2,3,3,1,3,4
"1548",4,4,3,4,5,3,2,3,2,4,4,2,2,2,4
"1549",5,1,1,1,2,2,1,1,1,4,5,1,1,1,5
"1550",5,5,5,5,5,5,4,5,5,5,5,5,5,5,5
"1551",4,3,3,2,5,4,2,4,2,3,4,4,3,4,4
"1552",3,2,1,2,2,2,1,1,3,5,4,2,1,1,5
"1553",4,4,3,4,5,3,4,3,3,5,4,4,3,3,5
"1554",5,5,1,5,5,5,5,1,5,4,5,5,1,5,5
"1555",3,5,1,3,5,3,5,1,2,5,4,4,4,2,5
"1556",5,2,1,2,2,2,2,1,2,3,3,2,1,3,5
"1557",5,1,1,3,1,2,1,1,1,1,3,1,1,4,5
"1558",1,2,1,1,1,1,1,1,1,2,1,1,1,2,1
"1559",3,4,3,5,5,5,5,3,3,4,4,5,5,3,5
"1560",3,3,4,3,4,3,4,5,2,3,3,3,3,4,3
"1561",1,1,1,1,2,1,3,1,1,3,1,1,1,2,5
"1562",4,4,4,4,4,4,4,5,4,5,4,4,4,2,4
"1563",5,2,5,1,5,5,4,5,5,3,5,1,5,1,5
"1564",5,3,1,4,4,5,2,1,1,4,4,3,2,4,4
"1565",4,5,4,5,5,5,5,3,5,5,4,5,3,5,5
"1566",2,4,1,1,1,3,4,2,1,3,2,1,1,1,4
"1567",1,1,1,1,1,1,1,1,1,2,1,1,1,2,4
"1568",1,1,1,1,2,1,2,1,1,2,1,1,1,1,5
"1569",4,3,3,3,3,2,3,2,2,3,3,3,2,4,4
"1570",1,1,1,1,2,1,1,1,2,2,2,2,1,2,4
"1571",5,2,0,4,4,5,2,5,3,5,4,3,4,4,5
"1572",3,1,3,1,4,3,2,3,1,4,2,1,1,1,3
"1573",4,4,3,3,4,4,3,5,4,4,5,4,5,4,5
"1574",4,4,1,1,1,4,2,1,4,4,2,2,1,1,4
"1575",4,4,1,1,1,2,1,1,1,3,3,1,1,4,4
"1576",3,3,3,4,5,3,2,5,4,2,3,2,5,4,5
"1577",4,1,5,4,4,1,1,5,1,1,5,1,4,1,5
"1578",1,2,1,2,2,1,2,2,1,4,1,1,1,1,4
"1579",4,2,2,2,4,2,2,2,2,2,2,2,2,2,4
"1580",5,5,5,5,5,5,5,5,5,5,5,5,5,5,5
"1581",4,5,1,4,4,3,5,1,1,4,5,4,1,4,5
"1582",5,4,5,3,4,5,3,5,2,5,3,4,3,3,5
"1583",4,4,1,4,4,4,5,1,3,4,5,4,1,4,5
"1584",1,3,1,1,4,1,1,1,1,4,3,1,1,1,3
"1585",5,2,1,4,5,4,1,2,1,5,5,1,1,3,5
"1586",4,4,2,2,3,4,2,2,3,3,4,5,3,3,4
"1587",5,5,5,5,5,5,5,5,4,3,5,5,3,5,5
"1588",3,5,3,5,5,5,5,3,5,3,5,3,3,5,5
"1589",4,2,1,4,3,4,1,1,2,4,5,2,3,2,5
"1590",4,3,3,3,3,4,2,3,2,4,3,2,3,2,5
"1591",4,2,2,3,4,4,2,2,2,3,4,2,2,3,5
"1592",5,5,1,5,4,4,3,1,3,3,5,4,1,5,5
"1593",5,5,3,4,5,5,5,4,2,5,5,5,4,4,5
"1594",5,3,1,2,4,4,2,1,1,3,3,1,1,2,4
"1595",2,4,3,3,4,3,4,3,2,3,4,3,2,4,4
"1596",3,3,2,4,5,2,4,2,5,4,3,5,2,3,4
"1597",1,1,1,1,1,1,1,1,1,1,1,1,1,1,2
"1598",4,2,1,2,1,2,1,1,2,4,4,1,1,2,3
"1599",5,3,1,3,5,5,3,1,2,5,4,5,1,1,5
"1600",4,1,1,1,1,1,1,1,1,2,4,1,1,5,5
"1601",5,5,3,4,5,5,5,4,4,5,5,5,3,5,5
"1602",4,5,3,3,3,3,3,4,1,5,3,5,3,2,4
"1603",5,2,1,1,1,2,1,1,1,4,4,1,1,1,5
"1604",5,1,1,1,1,1,1,1,1,5,1,1,1,1,5
"1605",5,5,2,4,4,5,5,3,4,3,4,5,2,4,5
"1606",2,1,1,1,1,1,1,1,1,3,2,1,1,1,3
"1607",5,5,5,5,5,5,5,5,5,5,5,5,5,5,5
"1608",5,2,5,4,5,5,1,5,1,5,5,1,5,5,5
"1609",1,1,1,1,2,1,2,1,1,4,2,2,1,2,4
"1610",4,4,4,4,4,4,4,4,4,4,4,4,4,4,5
"1611",5,4,4,4,4,3,5,4,3,5,3,4,5,5,4
"1612",1,1,4,4,1,1,1,4,1,4,1,1,1,1,4
"1613",3,4,1,1,4,3,3,1,1,5,3,3,1,2,5
"1614",1,1,1,1,3,1,2,1,1,1,1,1,1,1,3
"1615",3,3,3,3,3,3,3,3,3,3,3,3,3,3,3
"1616",3,5,1,3,3,3,4,3,3,3,3,4,1,1,5
"1617",4,4,4,4,4,4,2,4,2,4,4,4,2,4,4
"1618",5,4,3,3,1,5,3,5,4,4,5,3,4,2,5
"1619",2,4,3,2,3,4,3,3,1,3,5,5,3,4,5
"1620",4,4,2,4,5,2,5,4,3,4,5,4,5,4,5
"1621",4,1,1,1,5,1,1,1,1,2,2,1,1,1,4
"1622",2,2,3,1,4,4,3,4,4,4,3,1,3,4,5
"1623",5,4,5,1,5,3,5,5,4,5,4,5,5,3,5
"1624",5,2,1,1,4,3,2,1,1,5,2,4,1,2,5
"1625",5,5,5,5,5,5,5,5,5,5,4,5,3,5,5
"1626",4,4,5,3,4,4,5,5,5,5,5,4,5,5,5
"1627",1,2,1,5,5,4,4,1,1,5,1,1,1,5,5
"1628",5,5,3,2,5,5,5,2,2,1,5,5,2,4,5
"1629",1,1,1,1,1,1,1,1,1,3,1,1,1,1,4
"1630",4,2,1,2,4,4,3,2,2,4,4,3,2,4,5
"1631",5,1,1,1,1,1,1,1,1,1,5,1,1,1,4
"1632",3,3,3,3,3,3,3,3,3,3,3,3,3,3,3
"1633",4,2,1,3,4,2,3,1,3,4,5,2,3,5,5
"1634",3,2,1,1,1,4,1,1,2,4,2,1,1,1,5
"1635",4,1,1,3,1,4,1,1,1,3,4,1,1,1,4
"1636",1,1,1,3,1,5,1,1,1,1,1,1,1,1,5
"1637",1,2,1,1,1,1,3,1,1,2,1,1,1,1,4
"1638",5,1,3,2,1,5,2,3,1,2,5,1,1,3,5
"1639",4,1,4,4,4,4,1,4,1,5,4,1,5,2,4
"1640",3,5,3,1,3,4,5,5,1,5,3,4,3,5,5
"1641",1,5,4,5,4,4,5,2,1,2,4,5,1,1,4
"1642",5,4,5,4,5,4,5,5,5,5,5,5,5,5,5
"1643",4,1,1,1,4,3,1,5,2,4,2,2,1,2,5
"1644",4,3,4,5,2,4,5,3,3,4,4,2,3,4,5
"1645",1,4,1,1,2,4,1,1,1,4,2,1,1,1,4
"1646",5,5,1,1,4,3,2,1,1,5,2,2,1,3,5
"1647",4,2,1,1,4,5,3,1,3,4,3,3,1,4,5
"1648",5,0,2,4,4,4,5,5,4,5,3,5,3,3,5
"1649",2,5,1,3,2,2,1,0,4,3,3,4,3,4,5
"1650",2,1,1,1,2,1,1,1,1,4,3,1,1,1,5
"1651",1,1,1,1,1,1,1,1,1,1,1,1,1,1,5
"1652",5,4,3,1,4,2,4,2,3,4,4,5,1,1,4
"1653",5,4,5,5,5,5,4,5,5,5,5,5,5,5,5
"1654",4,4,1,3,5,4,4,4,2,4,4,4,4,1,5
"1655",1,1,1,1,1,1,1,1,1,1,1,1,1,1,2
"1656",3,4,1,2,4,2,4,2,2,4,3,4,2,2,5
"1657",1,1,1,1,1,1,1,1,1,1,1,1,1,1,1
"1658",5,5,3,5,5,3,3,3,5,5,5,3,1,4,5
"1659",1,1,1,1,2,1,1,1,1,1,1,1,1,1,1
"1660",3,4,5,4,3,2,1,4,2,5,3,1,3,5,5
"1661",2,1,1,3,1,5,2,3,1,4,1,1,1,3,4
"1662",3,4,2,4,4,2,3,2,1,4,3,2,2,2,4
"1663",5,4,1,4,5,3,5,5,5,4,3,2,1,4,4
"1664",5,4,2,5,5,5,4,3,4,5,3,5,3,3,5
"1665",1,1,1,1,1,1,1,1,2,1,2,1,1,1,3
"1666",5,4,3,5,5,5,4,4,5,5,4,5,4,5,5
"1667",4,3,3,4,3,4,3,4,2,4,3,3,3,4,4
"1668",5,0,4,0,4,5,4,5,5,5,5,3,5,5,5
"1669",4,4,4,4,4,4,3,4,3,3,3,4,3,3,4
"1670",2,2,1,4,2,1,3,2,1,5,2,3,3,4,5
"1671",4,5,3,4,4,5,5,3,1,5,5,4,3,4,5
"1672",1,3,5,1,1,2,1,4,1,1,1,1,1,1,4
"1673",5,5,5,3,5,5,5,5,5,5,5,5,3,5,5
"1674",3,2,2,2,4,4,2,2,2,5,4,2,2,4,5
"1675",3,3,2,3,4,2,2,2,2,3,3,3,3,4,4
"1676",1,1,1,1,2,1,1,5,1,5,4,1,3,1,5
"1677",5,1,1,5,5,5,1,3,3,4,5,1,1,5,5
"1678",5,5,1,3,5,4,4,1,3,3,4,4,1,3,5
"1679",1,1,1,1,4,2,1,1,1,4,1,1,1,1,5
"1680",4,5,5,4,4,5,1,5,5,4,2,4,4,1,5
"1681",5,1,1,5,5,5,3,1,0,4,4,1,1,5,5
"1682",3,2,2,2,4,2,2,2,2,4,3,2,2,3,4
"1683",5,5,3,5,4,5,5,3,4,5,5,5,1,5,5
"1684",5,5,5,5,5,5,5,5,5,5,5,5,5,5,5
"1685",5,5,1,4,5,5,5,2,3,4,5,5,3,3,5
"1686",5,4,5,5,5,4,5,5,5,3,5,5,5,5,5
"1687",4,5,1,3,5,4,5,1,4,3,3,5,1,4,5
"1688",5,5,1,4,5,4,5,1,3,5,4,5,1,4,5
"1689",1,0,1,2,2,1,1,1,1,4,1,2,1,4,4
"1690",5,1,1,5,5,5,5,1,4,5,5,5,5,5,5
"1691",3,2,4,3,2,2,2,4,3,4,2,2,2,4,4
"1692",3,3,3,4,4,3,3,3,3,4,3,3,3,3,4
"1693",4,4,1,2,2,2,4,1,1,4,4,4,1,2,4
"1694",4,2,1,2,5,5,4,1,2,4,4,3,1,5,5
"1695",4,4,2,2,4,3,1,5,2,5,3,2,2,2,5
"1696",1,2,2,2,2,2,2,2,2,2,2,2,2,2,4
"1697",4,2,1,1,1,4,2,1,2,2,5,2,1,5,5
"1698",5,4,2,2,5,3,4,2,4,3,3,4,3,3,5
"1699",2,1,1,2,3,2,1,1,1,2,2,1,1,1,4
"1700",1,1,1,2,2,2,1,2,1,4,2,2,1,2,4
"1701",1,1,1,1,1,1,1,1,1,1,1,1,1,1,1
"1702",5,5,1,5,1,5,1,1,1,1,5,1,1,1,5
"1703",5,5,5,3,5,5,5,5,0,3,5,3,4,5,5
"1704",5,5,5,2,5,5,5,5,2,5,5,2,5,5,5
"1705",2,2,1,2,2,2,1,1,1,3,3,2,3,3,4
"1706",5,1,1,1,5,1,1,1,1,1,1,1,0,5,5
"1707",5,5,2,2,3,5,5,2,4,5,4,5,2,3,5
"1708",4,3,1,4,4,4,4,1,3,4,4,4,1,4,5
"1709",4,0,2,4,4,2,4,2,0,4,4,0,2,4,5
"1710",5,5,5,3,4,5,4,5,3,5,5,5,4,3,5
"1711",5,2,1,1,1,4,3,2,1,2,5,3,1,4,5
"1712",5,5,3,5,5,5,5,3,5,5,5,5,3,5,5
"1713",1,1,1,1,2,1,1,1,1,1,4,1,1,1,2
"1714",4,2,4,3,4,3,2,4,5,5,4,2,4,4,3
"1715",4,2,1,3,3,4,3,1,1,5,4,2,1,1,5
"1716",5,4,5,4,5,3,4,5,2,4,5,5,4,5,4
"1717",1,2,1,2,2,1,1,1,2,2,1,1,1,1,5
"1718",3,3,1,1,1,1,1,1,1,2,3,1,1,2,4
"1719",3,3,2,5,4,3,4,2,5,3,3,4,3,5,4
"1720",5,2,1,1,1,3,2,1,2,4,3,1,1,2,5
"1721",5,3,1,3,2,4,2,1,3,4,5,3,1,5,5
"1722",4,4,1,3,5,4,4,2,3,4,3,5,1,4,5
"1723",5,3,1,1,1,2,4,1,1,4,3,3,1,2,5
"1724",5,2,1,4,4,4,5,1,2,5,5,4,1,4,5
"1725",2,4,1,1,3,4,1,1,1,4,1,4,1,1,4
"1726",4,2,3,1,4,3,1,4,1,2,4,2,2,2,5
"1727",2,4,1,2,4,1,1,1,1,3,4,2,1,2,2
"1728",4,2,1,2,1,3,1,1,1,4,1,1,1,1,4
"1729",5,4,4,5,4,3,2,5,1,4,3,2,4,5,4
"1730",5,5,1,5,5,5,4,1,5,2,5,5,1,5,5
"1731",4,5,2,5,3,4,3,3,3,5,4,3,2,5,5
"1732",4,1,1,1,2,2,1,1,2,1,2,1,1,2,2
"1733",3,4,1,1,1,4,2,1,1,5,3,1,1,1,5
"1734",2,5,1,3,1,4,5,1,2,4,3,4,1,3,5
"1735",2,2,1,1,1,2,1,1,1,3,2,1,1,1,4
"1736",5,5,5,3,5,5,5,5,5,5,5,5,5,5,5
"1737",2,1,1,1,2,2,2,1,2,2,2,2,1,1,3
"1738",1,1,1,2,2,1,1,1,1,1,1,1,1,2,1
"1739",3,0,2,3,4,4,2,2,2,4,3,2,2,2,4
"1740",4,1,1,1,2,1,1,1,1,4,4,1,1,2,4
"1741",1,1,1,1,2,2,1,1,1,2,1,1,1,1,4
"1742",4,5,3,4,5,4,4,3,2,2,3,4,5,3,5
"1743",5,5,2,4,5,5,5,2,2,4,5,5,2,4,0
"1744",1,5,1,1,1,1,1,1,1,3,1,1,5,1,1
"1745",1,1,1,1,5,1,1,0,1,1,1,1,5,4,1
"1746",5,4,5,4,5,4,4,5,5,3,4,5,4,5,5
"1747",4,2,1,1,3,2,4,1,1,5,5,2,1,4,4
"1748",3,2,2,1,1,2,2,3,1,1,3,2,3,3,5
"1749",5,3,3,5,3,3,2,5,2,3,3,3,3,3,5
"1750",4,4,2,0,4,2,4,2,4,4,2,4,2,5,5
"1751",5,5,3,5,5,5,5,3,5,5,5,5,3,5,5
"1752",5,4,1,4,4,4,3,1,2,1,3,4,1,5,5
"1753",4,4,1,3,5,2,4,1,3,3,4,4,1,5,4
"1754",5,3,2,1,1,5,1,2,2,5,5,2,1,5,5
"1755",4,1,1,1,1,4,1,1,1,1,2,1,1,1,5
"1756",4,4,1,1,1,3,1,3,1,4,4,1,1,2,5
"1757",5,3,3,5,5,5,4,1,4,5,5,4,0,5,5
"1758",5,5,1,5,5,5,2,1,5,1,5,5,1,5,5
"1759",2,1,1,1,2,2,4,1,2,1,2,2,2,3,5
"1760",1,1,1,1,1,1,1,1,1,1,1,1,1,1,1
"1761",4,5,1,3,5,5,4,1,4,4,4,4,1,4,4
"1762",5,2,2,2,3,5,2,3,4,1,5,2,2,2,5
"1763",3,2,4,3,4,3,4,5,4,4,4,3,4,4,2
"1764",4,1,1,1,4,4,1,1,1,3,4,1,1,2,5
"1765",4,4,1,3,4,4,2,1,1,1,5,4,1,2,5
"1766",5,5,5,5,5,5,5,2,2,5,5,5,2,3,5
"1767",4,4,1,1,5,3,4,1,4,5,4,3,1,2,4
"1768",5,2,1,2,4,1,3,5,1,4,4,4,5,4,5
"1769",4,3,1,4,5,4,3,1,3,5,4,4,1,5,5
"1770",5,5,1,4,4,5,3,3,2,5,5,5,1,1,4
"1771",4,3,2,2,5,4,5,2,1,1,4,3,1,1,5
"1772",5,1,1,1,5,5,1,1,2,5,5,1,1,4,5
"1773",4,1,1,1,5,2,1,1,1,5,1,1,1,4,5
"1774",1,1,1,1,2,2,1,1,1,2,2,1,1,1,3
"1775",5,4,1,4,4,4,5,1,4,4,5,4,2,4,4
"1776",5,5,1,2,4,5,4,1,1,5,1,5,1,4,5
"1777",5,5,5,5,5,5,3,5,5,5,5,3,5,5,5
"1778",4,2,1,4,5,4,2,1,2,5,5,2,2,2,5
"1779",4,4,3,4,3,4,4,3,3,5,4,5,4,2,5
"1780",1,0,2,1,1,1,1,2,1,2,1,1,1,1,1
"1781",3,2,2,1,0,3,3,4,2,3,2,2,2,2,4
"1782",4,4,1,1,4,1,2,1,1,4,2,1,1,1,4
"1783",2,1,2,2,1,1,1,2,1,1,1,1,1,1,4
"1784",4,3,1,2,4,3,3,1,1,3,3,2,1,1,4
"1785",5,5,2,4,4,4,4,3,4,5,4,4,4,5,5
"1786",1,2,2,3,1,2,2,0,2,1,1,2,1,3,4
"1787",4,3,2,4,4,4,2,4,2,4,4,2,1,5,4
"1788",4,3,1,3,1,1,1,2,2,1,1,1,1,2,4
"1789",5,4,2,4,4,4,4,4,3,3,4,4,3,3,5
"1790",3,3,3,4,3,3,3,3,3,4,3,3,5,3,5
"1791",1,4,1,1,4,2,1,1,4,4,4,1,1,4,4
"1792",3,4,1,4,3,4,4,1,2,4,4,4,1,4,4
"1793",4,3,2,4,5,4,3,4,1,3,2,2,2,2,5
"1794",3,2,1,1,3,1,1,1,1,3,1,1,1,2,5
"1795",5,4,3,2,2,4,2,3,2,5,4,2,2,1,4
"1796",4,4,3,2,3,4,4,4,4,4,4,4,3,3,4
"1797",5,4,1,5,1,4,3,3,1,4,2,1,1,4,4
"1798",1,2,1,1,4,1,1,1,1,1,1,2,2,1,4
"1799",5,5,1,4,4,5,4,1,1,3,4,4,3,3,5
"1800",2,2,2,4,4,2,2,4,2,4,4,2,2,4,5
"1801",4,5,1,1,2,3,2,1,0,4,3,2,1,1,4
"1802",4,3,2,3,4,4,2,2,1,3,3,2,1,4,4
"1803",2,4,2,2,4,2,4,3,4,5,3,3,2,4,4
"1804",1,1,1,2,1,1,1,1,1,1,2,0,1,1,3
"1805",1,1,1,1,1,1,1,2,2,1,2,1,1,2,2
"1806",5,5,3,2,4,4,4,3,2,5,3,4,2,4,5
"1807",5,5,1,1,5,5,4,2,1,4,5,5,1,5,5
"1808",2,2,1,1,2,2,1,1,1,3,2,1,1,1,3
"1809",5,5,4,5,5,3,5,5,2,5,3,5,5,2,5
"1810",4,1,1,2,4,5,1,1,1,4,1,1,1,1,5
"1811",4,3,2,2,4,4,4,4,2,5,4,4,4,2,5
"1812",5,5,3,4,2,4,5,3,1,5,4,5,4,2,5
"1813",4,4,1,2,4,4,3,1,2,5,4,3,2,2,4
"1814",5,4,1,4,3,5,4,1,1,4,5,5,1,3,4
"1815",4,3,2,2,5,2,3,2,2,5,4,3,3,3,5
"1816",5,5,5,5,5,5,5,5,5,5,5,5,5,5,5
"1817",1,1,1,1,1,1,1,1,1,4,1,1,1,1,4
"1818",3,4,2,2,4,4,4,1,2,4,4,2,1,4,4
"1819",2,4,1,3,4,3,2,1,2,5,4,4,2,4,4
"1820",3,4,1,1,1,1,2,1,2,1,3,1,2,3,4
"1821",4,4,1,1,1,1,4,1,1,4,4,3,1,1,4
"1822",5,3,2,5,4,4,2,5,1,4,4,1,3,4,5
"1823",3,4,1,2,5,3,5,1,5,1,5,2,2,5,5
"1824",4,1,1,1,4,1,1,1,1,4,2,1,1,3,4
"1825",3,2,1,3,3,4,3,2,1,4,2,5,1,4,5
"1826",2,3,2,3,5,3,3,2,3,4,3,2,4,4,5
"1827",5,2,2,3,5,5,3,2,2,4,3,1,2,4,5
"1828",4,5,5,4,4,3,5,5,3,5,5,5,5,5,5
"1829",2,2,2,2,4,2,3,1,2,4,4,2,1,4,4
"1830",2,3,1,1,1,2,1,1,1,2,2,1,1,2,2
"1831",1,5,1,5,5,5,1,1,1,1,5,5,1,5,5
"1832",1,2,2,3,3,3,3,3,1,4,4,1,2,4,5
"1833",4,1,1,4,3,5,1,1,1,4,4,1,1,3,5
"1834",5,5,5,5,5,5,5,5,5,5,5,5,5,5,5
"1835",1,1,1,1,1,1,1,1,1,2,1,1,1,2,1
"1836",4,5,2,2,4,5,4,3,3,5,4,4,3,3,4
"1837",3,1,1,1,1,3,1,1,1,5,4,1,1,1,3
"1838",1,2,1,1,1,2,1,1,1,3,1,1,1,3,3
"1839",2,1,1,1,2,3,1,1,1,1,1,1,1,1,1
"1840",5,5,4,4,2,5,4,5,4,5,4,4,4,5,2
"1841",5,5,3,5,5,5,5,3,5,5,5,5,3,5,5
"1842",4,1,1,1,1,3,2,3,3,4,3,1,3,3,5
"1843",4,3,1,4,3,5,2,2,1,5,5,1,1,5,5
"1844",2,3,1,1,1,2,1,1,1,2,2,2,1,1,5
"1845",4,3,1,4,5,4,3,1,5,5,5,3,1,4,5
"1846",3,2,1,2,2,3,1,1,1,2,4,1,1,1,3
"1847",5,5,5,5,5,5,4,5,4,5,5,2,5,5,5
"1848",4,1,2,2,3,4,1,5,1,3,4,1,2,1,4
"1849",4,4,4,3,5,4,4,4,4,5,3,4,3,4,4
"1850",4,3,2,2,2,2,2,3,2,3,3,3,4,4,4
"1851",4,2,4,4,2,4,2,4,2,5,5,1,2,4,5
"1852",2,1,1,1,2,2,1,1,1,4,4,1,1,1,4
"1853",1,2,1,1,1,1,1,1,1,3,1,1,1,1,1
"1854",3,2,1,3,4,3,4,3,2,4,3,2,2,2,5
"1855",4,4,2,5,4,5,5,2,2,2,4,4,2,5,5
"1856",1,2,1,1,1,1,1,1,1,1,1,1,1,1,1
"1857",1,1,1,1,1,1,1,1,1,1,2,1,1,1,1
"1858",1,1,1,1,1,1,1,1,1,1,1,1,1,1,1
"1859",4,1,1,2,3,2,1,1,1,4,3,2,1,4,4
"1860",4,3,1,4,4,4,3,3,4,5,5,3,4,5,5
"1861",2,2,1,1,3,2,1,1,1,4,2,1,1,2,4
"1862",4,4,5,3,4,5,3,5,3,5,2,5,3,5,5
"1863",4,4,1,3,4,3,4,4,2,5,4,3,2,3,5
"1864",4,4,1,1,4,4,2,1,1,5,4,4,1,5,5
"1865",4,4,2,3,1,5,5,3,3,5,4,4,1,2,5
"1866",1,5,1,1,5,1,3,5,1,1,5,5,1,5,5
"1867",2,2,1,2,5,1,1,1,1,3,3,1,1,2,5
"1868",2,1,3,2,1,2,1,3,2,4,4,2,2,4,3
"1869",3,1,1,3,4,3,2,1,1,5,3,1,1,3,5
"1870",3,1,2,1,3,3,1,1,1,5,4,2,1,2,5
"1871",4,3,1,3,2,5,2,4,2,5,5,2,3,4,5
"1872",4,2,1,2,3,3,2,1,1,3,4,1,1,2,5
"1873",3,2,1,1,2,3,2,3,1,4,4,2,2,3,5
"1874",4,4,1,2,5,4,2,1,1,3,4,3,1,3,5
"1875",1,2,1,1,1,2,1,1,1,4,2,1,1,2,5
"1876",5,5,3,4,2,5,5,1,2,2,4,4,1,3,5
"1877",2,1,1,1,1,1,1,1,1,5,1,1,1,1,5
"1878",5,5,5,5,5,5,3,5,5,4,5,5,5,5,5
"1879",2,5,4,1,1,2,3,4,2,2,1,2,1,4,5
"1880",5,3,3,1,4,5,2,4,2,5,5,1,3,4,5
"1881",2,1,1,1,4,2,1,1,1,1,1,1,1,1,3
"1882",1,1,1,1,4,1,1,1,1,1,1,1,1,1,4
"1883",4,2,1,2,4,4,2,1,1,4,4,2,1,4,5
"1884",2,2,1,2,2,2,1,1,1,2,2,1,1,2,4
"1885",5,5,1,3,5,4,5,1,5,5,5,5,1,2,5
"1886",5,5,1,3,5,5,1,3,3,5,5,1,3,3,5
"1887",5,5,5,5,5,5,5,5,5,5,5,5,5,5,5
"1888",1,1,1,1,1,1,1,1,1,1,1,1,1,1,2
"1889",5,3,1,2,4,5,2,1,3,4,4,4,1,1,5
"1890",5,4,4,3,3,4,4,4,4,4,5,3,3,3,4
"1891",3,2,1,1,4,3,2,1,1,4,3,2,1,3,4
"1892",4,3,4,4,5,4,5,5,3,5,3,4,2,4,5
"1893",3,1,1,3,0,4,1,1,1,4,4,2,2,2,5
"1894",5,4,2,3,2,5,4,1,4,4,5,4,1,4,5
"1895",5,2,2,4,4,4,2,2,4,4,4,3,2,4,4
"1896",5,2,2,4,2,4,2,1,1,3,3,2,2,4,5
"1897",5,5,3,4,5,5,3,3,3,4,5,3,2,3,5
"1898",1,0,1,1,1,1,1,1,1,1,0,1,1,1,1
"1899",5,5,1,4,4,2,5,4,5,5,5,4,2,4,5
"1900",4,3,2,4,5,4,3,3,4,5,4,3,3,5,5
"1901",2,2,1,2,5,3,2,2,3,5,3,2,1,2,5
"1902",4,3,4,2,4,5,4,5,1,3,3,3,1,1,4
"1903",5,5,5,5,5,5,5,5,5,5,5,5,5,5,5
"1904",5,1,2,2,4,5,4,4,5,5,5,4,3,4,5
"1905",2,2,4,2,3,2,2,4,1,5,4,2,3,2,4
"1906",1,1,1,1,1,1,1,1,1,1,1,1,1,1,1
"1907",1,2,1,1,1,1,0,1,1,2,1,1,1,1,1
"1908",1,1,1,1,3,1,1,1,1,1,1,1,1,2,3
"1909",5,4,1,4,3,5,3,4,5,4,5,5,4,5,5
"1910",5,4,3,4,2,3,2,3,4,4,4,4,3,4,4
"1911",4,3,1,3,2,3,3,2,3,3,3,3,3,3,4
"1912",1,2,1,1,2,1,1,1,1,2,1,1,1,1,3
"1913",3,3,2,1,4,2,3,1,1,4,2,3,2,2,4
"1914",2,4,4,5,5,5,5,5,5,3,2,4,2,5,5
"1915",5,1,1,1,4,1,1,1,1,1,3,1,1,5,4
"1916",2,3,2,2,4,2,5,3,4,2,2,4,1,1,3
"1917",3,2,1,2,1,2,2,1,1,4,3,3,1,2,3
"1918",5,5,3,3,5,5,5,3,3,5,5,5,3,5,5
"1919",2,2,1,1,1,2,1,1,1,4,3,4,1,1,2
"1920",5,4,2,3,5,3,4,4,4,4,4,4,2,2,5
"1921",5,5,3,4,5,4,5,4,3,4,3,4,4,4,5
"1922",5,4,2,4,4,4,4,2,4,4,4,4,2,4,5
"1923",5,4,2,3,5,3,4,5,3,4,3,4,4,5,5
"1924",2,4,1,4,3,4,1,1,1,3,4,2,1,4,5
"1925",5,5,3,3,2,3,2,4,1,1,4,3,1,2,4
"1926",3,1,1,1,2,3,1,1,2,2,3,1,1,3,4
"1927",5,5,3,2,4,5,4,5,3,5,5,4,3,2,5
"1928",1,2,1,1,2,2,5,1,1,4,2,4,1,1,3
"1929",2,2,1,1,2,1,1,1,1,4,3,1,1,1,5
"1930",3,4,1,4,3,3,2,2,1,5,2,3,1,2,4
"1931",1,2,1,1,3,1,2,1,1,4,3,1,1,1,3
"1932",3,3,1,1,2,2,2,1,1,2,4,3,1,2,3
"1933",4,1,2,4,3,3,1,3,2,2,1,1,1,2,5
"1934",5,2,4,5,3,5,1,4,4,3,4,3,2,5,5
"1935",2,4,4,4,4,2,4,4,4,4,2,2,4,4,4
"1936",2,2,1,1,2,2,2,1,1,2,3,2,1,3,5
"1937",4,2,1,2,1,2,1,1,1,5,1,1,1,1,2
"1938",1,2,1,1,4,1,4,1,1,5,3,4,1,3,5
"1939",4,3,1,1,4,5,4,1,1,4,4,3,3,5,4
"1940",5,5,1,1,5,5,1,1,3,3,5,3,1,3,5
"1941",2,2,1,3,2,2,2,1,2,4,2,1,2,3,4
"1942",1,1,2,1,1,1,1,3,1,1,1,1,1,1,2
"1943",2,3,1,2,4,3,2,2,2,3,4,4,3,3,2
"1944",5,1,1,1,5,1,1,1,1,5,5,2,1,2,5
"1945",3,4,1,1,5,1,3,1,1,4,1,1,1,4,5
"1946",3,3,1,2,2,2,1,1,1,2,4,1,1,2,5
"1947",1,1,1,2,3,2,1,2,4,4,4,1,1,2,5
"1948",5,5,4,5,3,5,4,5,3,3,4,5,3,3,5
"1949",5,2,1,1,4,5,1,1,1,4,2,1,1,3,5
"1950",1,1,1,1,1,1,1,1,1,4,2,1,1,1,3
"1951",5,5,5,5,5,5,5,5,5,5,5,5,5,1,5
"1952",4,5,1,4,4,3,5,3,2,5,3,4,3,3,4
"1953",4,2,2,4,4,3,2,3,4,4,4,2,2,4,5
"1954",5,5,5,5,5,5,5,5,5,5,5,5,5,5,5
"1955",4,4,3,5,5,3,4,5,2,5,4,2,5,4,5
"1956",2,2,1,2,2,2,1,1,2,3,4,2,1,2,4
"1957",4,1,1,4,4,4,1,1,1,1,4,1,1,4,5
"1958",3,4,2,2,2,4,2,3,1,4,4,2,1,3,4
"1959",4,5,2,3,4,5,4,4,4,5,5,4,5,3,5
"1960",4,4,3,4,3,4,3,3,4,4,4,3,3,4,5
"1961",1,1,1,1,1,1,1,1,1,1,1,1,1,3,4
"1962",5,5,5,5,5,5,5,5,5,5,5,5,5,5,5
"1963",2,2,1,2,2,2,2,1,1,3,2,2,3,3,2
"1964",4,2,1,4,4,4,1,1,4,2,4,1,1,1,4
"1965",4,5,2,1,5,3,3,4,1,4,5,4,4,4,4
"1966",4,5,1,1,1,1,1,4,1,4,1,1,1,1,1
"1967",5,2,1,3,5,5,1,4,1,5,5,2,2,5,5
"1968",4,4,2,4,4,2,3,2,3,2,2,2,2,4,5
"1969",1,1,1,3,3,1,1,1,1,3,1,1,1,4,4
"1970",2,2,1,1,3,1,1,1,1,3,3,1,2,1,4
"1971",5,5,5,5,5,5,5,5,5,5,5,5,5,5,5
"1972",2,1,1,1,1,1,1,1,1,2,2,1,1,1,2
"1973",3,2,1,2,2,1,2,1,1,4,2,2,2,2,5
"1974",3,4,5,2,4,3,5,5,1,5,1,4,5,3,5
"1975",1,2,1,1,2,1,2,1,2,4,3,3,1,2,5
"1976",4,5,4,4,4,4,5,4,4,4,4,4,1,4,5
"1977",1,1,1,1,3,3,1,1,1,1,1,1,1,1,1
"1978",1,1,1,1,1,2,1,2,1,3,2,1,2,1,2
"1979",4,5,1,2,4,3,4,1,4,5,3,3,1,4,4
"1980",5,5,4,3,4,3,3,5,4,3,4,4,3,3,5
"1981",3,1,1,1,4,1,1,1,4,4,4,1,1,4,5
"1982",5,3,2,2,4,5,3,4,2,3,5,4,4,4,4
"1983",4,4,1,4,5,5,5,1,3,3,5,5,1,3,4
"1984",4,5,4,4,5,4,5,5,3,4,3,4,5,4,5
"1985",2,3,1,1,4,2,1,1,2,2,2,1,1,1,4
"1986",4,1,1,2,1,2,1,1,1,1,1,1,1,1,1
"1987",2,1,1,1,4,2,1,1,1,3,2,1,3,2,4
"1988",5,5,3,4,4,4,3,5,4,3,4,3,3,2,5
"1989",2,2,1,2,5,3,2,1,1,5,5,1,1,1,5
"1990",5,3,2,2,5,3,3,4,1,4,4,2,1,2,4
"1991",5,5,1,3,4,3,3,2,1,5,5,4,2,4,5
"1992",2,4,4,2,5,2,4,4,1,4,4,3,4,4,5
"1993",4,2,3,4,3,5,2,4,4,1,3,1,3,3,4
"1994",2,5,3,1,4,4,2,4,1,5,4,4,2,4,3
"1995",4,1,1,4,4,5,1,1,1,4,3,3,1,5,4
"1996",4,2,1,2,2,3,2,1,1,1,1,2,1,1,2
"1997",5,1,1,1,5,5,1,5,1,5,5,1,5,5,5
"1998",4,3,4,5,4,5,4,5,3,4,3,4,5,5,5
"1999",4,3,3,4,5,5,4,4,2,5,4,4,4,4,5
"2000",5,1,1,4,4,3,2,4,4,4,4,2,4,5,5
"2001",5,3,2,4,4,5,2,3,3,5,5,3,2,5,5
"2002",1,1,1,1,1,1,1,1,1,1,1,1,1,1,1
"2003",4,4,2,2,4,4,4,3,3,3,4,4,4,4,4
"2004",4,1,1,4,4,4,1,1,1,4,1,0,2,1,5
"2005",4,2,1,2,3,2,1,2,1,3,3,1,1,3,4
"2006",4,4,1,1,3,1,2,1,1,4,3,1,1,2,5
"2007",4,2,1,2,1,1,1,1,1,4,4,1,1,3,4
"2008",5,3,1,3,4,5,3,2,4,5,5,3,3,5,5
"2009",2,2,4,2,2,4,2,5,2,3,2,3,5,5,4
"2010",4,2,1,1,1,4,3,1,3,2,3,2,1,3,3
"2011",3,3,3,3,3,3,3,3,3,4,3,3,3,3,4
"2012",5,2,1,4,5,5,1,4,2,3,4,1,3,5,5
"2013",4,2,1,1,3,4,2,1,1,4,3,1,1,1,5
"2014",1,1,1,1,1,1,1,1,1,1,1,1,1,1,1
"2015",4,2,1,1,4,5,2,1,1,3,4,2,1,1,5
"2016",5,4,3,3,3,4,3,5,2,3,3,3,3,5,5
"2017",3,5,1,2,0,0,5,1,1,4,3,4,1,1,4
"2018",4,2,3,2,4,2,2,5,2,3,4,3,5,5,5
"2019",5,5,5,5,5,5,5,5,5,5,5,5,3,5,5
"2020",1,1,1,1,2,2,1,2,1,2,1,1,1,1,4
"2021",3,2,1,1,2,1,1,1,1,4,1,1,1,2,5
"2022",4,1,1,1,1,1,1,1,1,5,4,1,1,2,4
"2023",5,3,2,3,3,5,4,3,2,5,5,4,2,5,5
"2024",5,5,5,3,5,3,4,5,2,4,5,3,4,3,5
"2025",5,3,2,2,2,5,3,3,4,5,4,3,2,4,5
"2026",4,3,1,2,2,4,1,1,1,4,3,1,1,4,4
"2027",4,4,1,2,4,4,5,1,2,4,4,4,1,4,5
"2028",2,3,1,1,1,2,4,1,1,1,2,4,1,2,3
"2029",5,5,4,5,4,5,5,5,5,4,4,5,5,5,5
"2030",4,3,1,1,2,2,2,1,1,3,2,1,1,1,4
"2031",3,2,1,1,4,1,2,1,1,4,3,2,1,4,2
"2032",2,3,1,1,1,2,2,1,1,1,2,1,1,1,4
"2033",4,4,4,4,4,4,5,4,4,5,4,4,4,5,5
"2034",1,1,1,1,2,1,1,1,1,2,2,1,1,1,2
"2035",5,5,5,3,5,3,3,5,3,2,3,5,5,4,3
"2036",2,4,2,4,4,4,2,3,4,2,4,2,2,4,4
"2037",4,3,2,3,4,3,3,4,3,4,4,3,3,3,5
"2038",5,3,2,4,5,4,3,2,3,5,4,4,3,3,5
"2039",5,3,5,5,5,3,4,5,1,3,4,3,5,5,5
"2040",4,4,1,1,4,1,1,1,1,1,4,1,0,1,4
"2041",4,3,2,3,4,4,4,4,3,4,3,4,2,3,4
"2042",4,2,2,5,5,5,3,3,1,3,3,3,3,4,5
"2043",4,3,1,4,4,5,3,3,4,5,5,2,2,5,5
"2044",4,1,1,1,2,3,1,1,1,1,4,2,1,1,2
"2045",5,5,5,5,4,5,5,5,4,5,5,5,4,4,5
"2046",4,2,1,1,1,1,1,1,1,1,1,1,1,1,5
"2047",1,1,1,1,1,1,1,1,1,1,1,1,1,1,1
"2048",1,2,1,3,4,3,2,1,3,4,2,2,1,2,4
"2049",1,1,1,1,1,2,1,1,1,2,3,1,1,1,2
"2050",2,1,1,1,1,2,1,1,1,4,3,1,1,1,4
"2051",4,3,1,3,3,3,4,3,4,5,3,3,3,4,5
"2052",4,1,1,1,4,4,1,3,2,5,5,1,2,2,5
"2053",2,1,1,1,1,2,1,1,1,2,2,1,1,1,3
"2054",2,2,1,1,4,3,2,1,1,5,4,2,1,1,5
"2055",1,1,2,1,1,2,1,2,1,2,2,1,2,1,1
"2056",1,1,1,1,1,1,1,1,1,3,1,1,1,1,4
"2057",5,5,1,5,5,4,5,1,1,1,5,5,1,1,5
"2058",3,2,1,2,1,3,1,1,1,3,5,1,1,2,5
"2059",2,1,1,1,4,1,1,1,3,4,3,1,1,2,3
"2060",5,4,1,1,1,1,1,1,1,4,4,4,1,1,4
"2061",4,3,1,2,2,3,2,1,1,2,4,2,1,2,5
"2062",5,3,1,2,4,4,1,1,1,5,5,1,1,1,5
"2063",1,1,1,1,1,1,1,1,1,5,1,1,1,1,5
"2064",1,1,1,1,1,1,2,1,1,3,1,2,1,2,2
"2065",2,1,1,1,2,1,1,1,1,3,2,2,1,1,4
"2066",5,4,2,2,1,1,4,3,1,5,5,2,3,2,5
"2067",5,2,1,1,5,3,2,1,1,4,4,1,1,5,5
"2068",4,4,1,3,4,4,2,1,1,4,4,4,1,4,5
"2069",4,5,1,3,4,4,1,2,2,5,4,1,2,2,3
"2070",4,2,1,1,2,4,4,1,1,1,2,1,1,1,4
"2071",3,4,1,2,3,4,4,2,2,4,3,2,2,3,2
"2072",2,2,1,2,1,0,4,1,3,4,3,2,1,1,5
"2073",2,1,1,1,3,1,1,1,1,1,1,1,1,2,3
"2074",4,1,4,1,4,1,2,5,1,4,3,2,4,1,5
"2075",2,3,4,2,2,3,4,4,2,2,3,4,3,2,4
"2076",2,1,1,1,2,1,1,1,1,1,2,1,1,1,3
"2077",1,1,1,1,2,1,1,1,1,1,2,1,1,1,4
"2078",4,1,1,1,4,2,1,1,1,5,3,1,1,4,4
"2079",4,5,2,4,4,4,5,4,1,4,3,4,4,5,5
"2080",1,1,1,1,1,1,1,1,1,1,1,1,1,1,2
"2081",1,2,1,3,3,1,1,2,3,2,2,2,1,3,2
"2082",5,3,2,4,5,5,1,3,1,1,4,1,1,1,5
"2083",2,2,1,2,2,3,3,2,4,2,1,2,2,4,3
"2084",1,4,1,1,1,1,1,1,1,1,1,1,1,1,4
"2085",5,5,1,4,4,5,4,1,5,5,4,5,3,4,5
"2086",4,2,3,4,1,3,2,3,3,3,4,1,2,2,4
"2087",1,1,1,1,3,1,2,1,1,3,2,1,1,1,5
"2088",1,4,1,1,2,2,3,1,1,2,1,2,1,1,4
"2089",2,4,3,1,4,2,4,2,1,5,4,2,2,2,4
"2090",4,4,1,4,3,4,4,1,4,3,4,4,1,3,4
"2091",1,2,1,1,2,1,1,1,1,5,1,1,1,2,1
"2092",4,4,1,3,4,4,4,1,1,4,3,3,1,2,4
"2093",5,5,5,5,5,5,5,5,5,5,5,5,5,5,5
"2094",3,2,3,1,5,5,2,3,1,5,5,2,3,1,5
"2095",1,1,4,2,1,1,1,5,1,3,1,1,4,3,3
"2096",4,1,2,4,4,1,1,2,1,5,2,1,4,1,4
"2097",5,5,4,5,5,5,4,5,3,5,5,5,5,5,5
"2098",5,5,1,1,2,3,4,1,1,5,4,3,1,4,5
"2099",4,2,1,3,4,4,2,1,2,4,3,2,1,3,4
"2100",5,4,3,4,4,5,4,3,3,4,5,5,3,4,5
"2101",1,1,1,1,1,1,1,1,1,1,1,1,1,1,1
"2102",5,5,2,3,3,5,2,2,2,1,1,1,1,5,5
"2103",4,4,2,4,3,4,3,5,2,1,4,4,3,4,5
"2104",5,5,5,5,5,5,5,5,5,5,5,5,5,5,5
"2105",3,5,1,1,1,3,1,1,1,1,1,1,1,1,1
"2106",5,4,1,2,4,4,5,1,4,4,5,2,1,2,5
"2107",3,4,5,3,5,3,4,5,3,3,4,3,5,3,4
"2108",5,5,1,3,3,5,5,3,1,4,3,5,3,5,5
"2109",1,3,1,2,3,1,1,1,1,1,1,1,1,1,2
"2110",5,5,5,4,5,5,5,5,5,5,5,5,4,4,5
"2111",5,3,5,5,5,5,3,5,3,3,5,5,5,5,5
"2112",3,2,2,2,3,4,2,2,2,2,2,3,2,2,4
"2113",5,4,5,4,5,5,2,5,4,4,4,4,5,3,5
"2114",4,1,1,1,3,1,4,3,1,4,4,1,2,4,5
"2115",1,1,1,1,1,1,1,1,1,1,2,2,1,1,1
"2116",4,2,4,5,5,4,2,5,5,4,3,5,5,5,5
"2117",3,4,4,3,2,4,3,4,2,3,4,2,0,4,5
"2118",5,2,4,1,5,5,1,5,2,4,4,1,5,2,5
"2119",5,5,5,3,5,5,5,4,3,1,5,5,5,1,5
"2120",4,4,3,3,5,5,5,4,1,5,5,4,2,4,5
"2121",4,2,1,4,3,2,3,1,1,1,3,2,1,1,2
"2122",5,3,1,3,5,5,3,1,4,4,5,4,1,3,5
"2123",5,5,5,5,5,5,5,5,5,5,5,5,5,5,5
"2124",3,3,1,1,4,4,2,2,2,3,2,1,2,2,4
"2125",4,4,4,4,4,4,4,4,4,4,5,4,5,5,5
"2126",3,4,1,2,4,3,4,1,1,5,3,3,1,3,5
"2127",1,3,2,3,3,2,3,4,2,4,1,3,2,4,5
"2128",5,5,1,2,1,5,5,4,1,3,4,5,1,5,4
"2129",4,4,3,2,2,3,1,4,2,1,3,1,4,3,3
"2130",2,4,1,2,1,3,2,1,1,4,3,1,1,3,5
"2131",4,3,2,3,3,4,3,3,3,5,3,3,3,5,5
"2132",3,1,1,3,3,4,1,1,1,3,4,1,1,4,5
"2133",5,2,1,4,5,3,2,3,2,5,5,3,1,5,5
"2134",3,3,1,3,4,3,3,2,4,4,3,3,3,4,5
"2135",1,1,1,1,1,1,1,1,0,4,1,1,1,1,4
"2136",2,1,1,1,2,1,1,1,2,1,1,1,1,2,3
"2137",5,4,5,5,5,5,4,5,5,5,5,4,5,5,5
"2138",4,3,2,2,4,3,2,3,2,2,2,2,2,3,4
"2139",5,5,5,4,5,5,5,5,1,5,5,5,5,2,5
"2140",2,2,4,2,3,1,3,3,4,3,2,3,2,3,4
"2141",5,1,3,4,4,4,1,3,1,5,5,2,3,3,4
"2142",5,5,1,4,5,5,5,2,2,5,5,5,1,4,5
"2143",1,3,1,2,3,1,1,1,0,2,3,2,1,3,4
"2144",5,4,1,3,2,4,4,1,2,3,5,3,1,4,3
"2145",5,4,3,4,4,5,4,4,4,4,4,4,4,5,4
"2146",5,5,2,5,5,4,2,3,3,5,5,5,3,4,5
"2147",4,4,1,3,3,3,4,1,2,2,3,4,1,4,4
"2148",4,5,2,3,4,4,4,4,3,1,2,5,4,4,5
"2149",4,3,3,3,4,4,1,5,2,4,5,4,4,4,5
"2150",3,1,1,1,1,1,1,1,1,1,3,1,1,1,4
"2151",4,2,1,4,4,4,2,2,1,2,2,3,2,2,4
"2152",4,5,1,4,5,5,5,1,1,5,2,4,1,4,5
"2153",5,4,2,3,2,4,4,1,2,5,3,3,1,3,5
"2154",1,1,5,1,1,1,1,5,1,1,1,1,5,1,1
"2155",2,1,1,1,1,1,1,3,1,2,2,1,2,1,3
"2156",3,3,2,4,3,5,3,2,1,3,4,2,3,4,5
"2157",5,4,2,1,4,3,4,4,2,2,4,4,3,3,5
"2158",1,1,1,1,3,1,1,1,1,4,4,1,1,1,4
"2159",1,1,1,1,1,1,1,1,1,2,1,1,1,1,1
"2160",5,4,2,3,5,4,3,2,2,3,5,3,1,4,5
"2161",4,1,1,4,5,2,3,5,3,3,4,2,4,4,5
"2162",2,2,1,1,1,2,3,2,1,5,2,2,1,1,4
"2163",5,5,3,5,5,5,5,3,5,5,5,5,3,5,5
"2164",5,5,4,4,5,4,5,4,5,5,5,5,4,5,5
"2165",1,1,1,2,3,1,1,1,1,2,2,1,1,1,4
"2166",1,4,1,1,2,3,3,1,1,4,4,3,1,4,5
"2167",2,1,2,1,3,1,1,3,1,1,2,1,3,1,3
"2168",3,2,1,1,4,2,3,1,1,4,1,1,1,1,4
"2169",5,5,5,5,5,5,5,5,5,5,5,5,3,5,5
"2170",1,1,1,1,3,1,1,1,1,2,2,1,1,1,2
"2171",5,4,3,4,5,5,3,4,1,5,5,2,2,5,4
"2172",1,1,1,1,1,1,1,3,2,1,3,3,1,1,4
"2173",5,5,2,3,5,5,5,2,4,4,5,5,2,4,5
"2174",5,4,1,2,3,4,5,1,1,5,2,4,1,1,5
"2175",2,1,1,1,2,1,1,4,3,1,4,1,2,2,5
"2176",4,4,1,3,2,5,3,1,3,4,4,2,1,5,5
"2177",2,1,1,1,1,1,1,1,1,1,1,1,1,1,2
"2178",2,2,1,2,5,2,1,1,2,5,4,5,3,1,5
"2179",5,5,4,4,5,5,4,4,4,4,5,5,4,5,5
"2180",4,1,1,3,1,4,3,2,1,2,4,2,1,1,4
"2181",4,5,2,4,4,5,5,2,2,4,5,5,2,3,4
"2182",1,1,1,1,2,1,1,1,1,3,1,1,1,1,4
"2183",5,5,2,4,5,5,4,2,5,5,5,5,4,5,5
"2184",4,3,1,1,2,4,2,1,1,2,3,2,1,1,5
"2185",5,5,3,4,4,5,5,5,3,5,4,5,4,3,5
"2186",3,3,1,3,3,1,4,1,1,3,4,1,1,1,4
"2187",4,1,1,1,1,2,2,1,2,4,3,2,1,2,5
"2188",5,5,1,5,5,5,4,1,5,5,5,5,1,5,5
"2189",5,3,5,5,5,5,2,5,3,5,5,3,5,5,5
"2190",5,4,4,4,4,5,1,5,1,5,5,1,1,1,4
"2191",1,1,1,1,3,1,3,1,1,3,1,1,1,2,4
"2192",4,3,3,2,3,4,3,2,1,4,4,3,4,3,4
"2193",1,1,1,1,1,1,1,1,1,1,1,1,1,1,3
"2194",4,4,3,1,4,1,4,3,1,4,4,1,1,1,4
"2195",5,5,1,5,5,5,5,1,3,5,5,5,1,5,5
"2196",4,4,2,4,4,4,4,4,1,2,2,4,2,3,4
"2197",5,4,2,3,5,1,2,5,5,3,5,4,5,4,5
"2198",4,5,4,4,4,5,4,5,5,3,3,4,4,4,4
"2199",5,2,2,1,5,2,1,3,1,2,5,1,3,2,5
"2200",5,4,2,3,3,4,4,3,3,4,3,4,3,3,5
"2201",5,2,1,5,4,1,1,1,4,2,4,1,1,5,5
"2202",2,2,1,4,4,3,2,2,2,5,3,2,1,4,4
"2203",2,2,5,1,1,1,3,3,1,5,1,2,2,2,5
"2204",3,2,2,2,2,2,2,2,2,4,2,2,2,2,2
"2205",4,3,4,4,4,4,2,4,4,3,4,3,4,4,4
"2206",3,5,4,4,4,2,4,5,3,5,3,3,4,5,5
"2207",4,2,1,2,4,3,2,1,1,2,4,2,1,2,4
"2208",3,1,1,4,4,5,1,5,1,1,1,1,5,1,1
"2209",1,1,1,1,2,1,1,2,1,1,1,1,1,4,3
"2210",5,3,1,2,5,5,1,1,4,2,5,3,1,5,5
"2211",5,1,1,4,4,5,2,1,1,5,4,1,1,2,5
"2212",2,3,2,2,2,3,2,3,2,5,4,2,2,2,5
"2213",4,2,3,4,4,2,2,3,2,5,4,3,3,2,4
"2214",5,1,1,3,4,3,1,3,2,5,4,1,1,3,5
"2215",4,4,1,1,1,4,4,2,2,4,4,4,2,4,4
"2216",5,5,1,5,5,5,5,1,5,5,5,5,1,5,5
"2217",3,1,1,2,1,3,1,2,1,4,3,1,1,1,5
"2218",2,1,1,1,1,3,1,1,1,1,3,1,1,3,5
"2219",4,4,1,4,4,4,1,1,2,4,4,3,1,3,4
"2220",1,1,1,2,1,1,2,2,1,2,2,1,1,1,5
"2221",4,1,3,4,2,3,5,4,4,1,2,3,2,4,5
"2222",1,1,1,3,1,1,3,1,1,1,1,1,1,1,3
"2223",5,1,1,2,1,5,1,1,1,5,4,1,1,4,5
"2224",5,2,1,4,3,5,2,1,4,3,2,2,1,1,5
"2225",3,1,2,3,4,2,1,2,2,4,3,1,3,4,4
"2226",5,3,1,3,5,3,3,1,5,5,5,3,1,1,5
"2227",5,5,1,4,4,4,2,3,2,5,5,4,1,4,5
"2228",5,5,1,4,4,4,4,3,3,4,5,4,2,4,5
"2229",4,3,1,2,3,3,4,2,2,2,4,4,3,3,4
"2230",3,3,4,4,4,4,3,4,4,4,3,4,4,4,4
"2231",5,3,1,2,5,2,3,1,1,5,4,1,1,1,5
"2232",5,5,5,5,5,5,5,5,5,5,5,5,5,5,5
"2233",5,5,2,2,5,5,2,2,1,4,5,4,2,4,5
"2234",5,3,2,1,3,5,2,1,2,5,5,3,3,4,5
"2235",1,1,1,1,4,1,5,1,4,1,3,3,1,4,4
"2236",1,1,1,2,1,2,1,1,1,1,2,1,1,1,3
"2237",5,4,3,4,5,5,4,4,2,4,4,4,4,4,5
"2238",4,2,1,1,1,4,1,3,1,4,5,1,1,1,5
"2239",4,3,4,3,4,4,5,5,3,5,3,5,3,4,3
"2240",5,4,3,4,4,5,5,3,2,5,4,5,3,4,5
"2241",1,2,1,3,1,2,2,1,1,2,2,1,1,2,2
"2242",1,1,1,1,1,1,1,1,1,1,1,1,1,1,4
"2243",3,2,2,1,3,3,3,3,2,3,3,3,2,3,3
"2244",4,4,1,1,2,4,3,1,1,5,2,1,1,1,4
"2245",4,4,1,1,1,3,2,1,1,1,2,1,1,2,5
"2246",3,3,1,3,4,3,3,1,5,5,5,5,1,4,5
"2247",5,2,1,2,4,3,4,1,1,5,5,5,1,4,5
"2248",2,1,1,1,1,1,1,1,1,1,2,1,1,1,2
"2249",4,3,2,4,3,3,2,2,4,4,4,3,2,4,5
"2250",3,2,1,1,3,1,4,4,1,3,2,2,3,3,4
"2251",3,4,2,3,4,4,4,2,3,4,4,4,3,3,5
"2252",5,4,3,4,5,4,4,3,3,4,5,4,3,2,4
"2253",4,4,2,5,4,4,5,2,4,3,4,4,1,2,4
"2254",1,2,0,1,4,2,1,1,1,2,1,1,1,1,4
"2255",4,5,3,4,5,4,5,3,4,4,3,4,4,4,4
"2256",3,1,1,1,1,1,1,1,1,1,1,1,1,1,2
"2257",2,2,1,1,3,1,2,1,1,3,3,2,1,1,3
"2258",5,1,4,1,5,5,1,5,1,5,5,1,5,5,4
"2259",2,4,1,1,3,1,1,3,1,5,1,1,1,2,5
"2260",2,1,1,1,4,1,4,5,3,3,4,2,3,2,5
"2261",4,4,1,4,4,4,3,2,4,4,4,4,4,3,5
"2262",3,2,4,1,3,4,1,5,2,3,3,1,3,3,5
"2263",4,3,5,3,3,2,5,5,5,5,3,4,3,2,3
"2264",5,4,2,4,5,4,4,4,2,5,3,4,2,4,5
"2265",1,1,1,1,1,1,1,1,1,1,1,1,1,1,1
"2266",5,4,2,2,5,5,2,4,1,4,5,4,3,4,5
"2267",4,3,2,2,5,4,2,3,4,5,5,3,2,5,5
"2268",1,1,1,1,3,2,1,1,1,2,1,1,1,2,4
"2269",5,5,3,5,5,3,2,3,4,3,5,4,2,4,5
"2270",1,1,1,1,1,1,1,1,1,1,1,1,1,1,5
"2271",5,1,1,1,4,2,1,1,1,4,1,4,1,4,5
"2272",4,5,3,4,2,5,5,2,2,5,4,5,2,4,4
"2273",5,4,2,5,5,3,2,3,2,4,5,4,2,3,5
"2274",4,2,3,4,3,4,2,4,4,4,4,2,1,4,5
"2275",4,3,1,2,4,1,4,1,1,5,1,2,1,1,4
"2276",5,5,3,5,5,5,5,5,5,5,5,5,3,4,5
"2277",5,4,1,1,1,3,2,1,1,4,3,1,1,4,2
"2278",1,1,1,1,3,3,1,1,1,1,1,1,1,1,5
"2279",5,2,1,2,4,1,2,1,1,5,5,2,1,1,5
"2280",5,4,5,3,3,4,5,1,1,1,4,4,1,4,4
"2281",3,3,2,1,2,4,3,1,1,2,3,2,1,1,4
"2282",4,4,1,3,1,3,3,1,1,5,2,4,1,4,5
"2283",2,4,2,2,2,2,2,2,2,4,2,2,2,2,4
"2284",2,3,2,4,4,2,2,4,4,4,2,2,2,5,2
"2285",5,1,2,2,3,1,2,4,2,5,3,1,1,4,4
"2286",4,3,1,2,1,3,1,1,4,3,3,3,1,2,4
"2287",3,1,1,1,4,1,1,1,1,4,3,1,1,3,5
"2288",3,2,1,2,3,4,2,1,2,4,3,2,1,2,5
"2289",4,4,1,2,1,1,1,1,3,3,2,3,1,2,4
"2290",3,4,1,4,3,3,1,1,1,1,2,4,1,2,4
"2291",4,4,1,3,3,4,4,1,3,3,3,4,1,2,5
"2292",2,2,1,1,2,3,2,1,1,1,2,2,1,1,1
"2293",1,2,1,1,1,1,1,1,1,2,1,2,1,2,2
"2294",4,5,1,2,1,2,4,1,5,2,3,2,1,4,4
"2295",1,3,1,1,5,3,5,0,2,4,3,5,3,5,4
"2296",2,3,1,1,1,1,1,1,1,2,1,1,1,1,5
"2297",4,1,1,1,5,2,1,1,1,2,1,1,1,1,3
"2298",2,1,1,2,1,3,1,1,1,1,2,1,1,2,4
"2299",3,4,1,1,2,2,4,1,1,5,3,4,1,4,5
"2300",4,2,2,2,2,3,2,1,3,3,3,3,2,3,5
"2301",5,1,5,4,5,5,3,2,5,1,5,5,5,5,5
"2302",4,2,1,1,2,1,2,2,3,4,4,3,3,4,4
"2303",5,5,1,4,4,5,5,1,4,3,5,5,1,3,5
"2304",1,1,1,1,2,1,1,1,1,2,1,2,1,1,3
"2305",1,2,3,3,2,3,4,4,3,3,1,3,3,1,3
"2306",4,4,5,3,5,4,4,5,4,5,4,5,5,4,5
"2307",5,5,5,5,5,5,4,5,5,4,4,4,5,5,5
"2308",5,4,1,2,5,4,4,2,4,5,4,3,2,3,5
"2309",1,1,1,1,1,1,1,1,1,1,1,1,1,1,4
"2310",5,4,2,3,3,4,4,4,4,4,4,3,2,4,5
"2311",5,1,1,3,3,1,1,1,1,3,1,1,1,3,4
"2312",2,1,1,1,3,1,1,3,1,2,1,1,2,5,5
"2313",1,1,1,1,3,1,1,1,1,1,1,1,1,1,2
"2314",4,4,3,4,5,5,5,3,4,5,5,3,3,5,5
"2315",4,2,1,2,2,4,1,1,1,1,4,1,1,2,4
"2316",4,2,1,1,2,1,2,1,1,2,1,1,1,3,2
"2317",4,3,4,4,5,4,4,5,4,4,3,3,5,5,5
"2318",5,5,3,4,3,4,5,5,3,5,4,5,3,5,5
"2319",4,1,1,1,4,1,1,1,1,4,5,1,1,3,5
"2320",2,1,1,4,3,4,1,1,1,1,1,1,1,1,4
"2321",4,2,1,4,1,4,2,1,2,4,3,3,1,3,5
"2322",4,1,1,2,3,2,1,1,1,1,2,1,1,1,2
"2323",5,5,1,3,3,5,5,2,1,4,4,5,2,4,4
"2324",1,4,1,1,5,3,4,1,1,1,4,1,1,4,4
"2325",1,3,1,2,3,1,1,1,2,1,1,3,1,1,4
"2326",4,1,1,4,4,1,2,3,1,4,4,1,3,4,5
"2327",5,1,1,1,4,3,2,1,1,4,4,2,1,2,4
"2328",1,1,1,1,1,1,1,1,1,1,1,1,1,1,1
"2329",2,3,1,1,3,1,2,1,1,2,2,3,1,3,4
"2330",4,3,2,4,2,5,1,2,2,3,3,2,1,4,5
"2331",5,4,1,4,5,3,2,4,1,5,5,5,2,3,5
"2332",2,2,4,4,3,4,1,5,2,1,3,4,4,4,5
"2333",5,3,1,4,5,5,5,1,2,5,5,5,1,4,5
"2334",2,4,1,2,2,2,3,1,2,2,4,4,1,2,5
"2335",5,5,2,5,5,5,5,3,5,2,5,5,3,5,5
"2336",1,1,1,1,4,1,1,1,1,1,1,1,1,1,5
"2337",3,4,1,2,3,2,2,1,1,2,3,2,1,3,4
"2338",1,4,1,4,5,5,1,1,2,5,1,2,2,1,5
"2339",5,4,1,1,1,5,1,1,1,2,4,2,1,1,4
"2340",4,2,1,2,5,4,3,1,1,4,5,2,1,4,5
"2341",5,3,2,1,4,3,1,3,3,5,4,2,3,3,5
"2342",1,1,1,1,4,1,1,1,1,4,1,1,1,1,5
"2343",4,5,1,2,4,4,5,1,1,5,5,2,1,4,5
"2344",4,1,1,2,5,3,2,4,1,5,2,1,4,1,5
"2345",3,1,1,1,1,1,1,1,1,1,4,1,1,1,5
"2346",4,4,4,2,5,4,2,5,3,4,5,2,2,3,5
"2347",5,5,5,5,5,5,5,5,5,5,5,5,5,5,5
"2348",4,3,1,4,4,3,4,1,1,4,4,3,2,4,5
"2349",5,3,2,1,5,5,1,5,2,5,3,4,5,5,5
"2350",5,5,3,5,5,5,5,2,2,5,5,5,2,5,5
"2351",1,2,1,1,2,1,1,1,1,1,2,1,1,4,4
"2352",4,4,5,2,4,1,4,5,1,3,3,1,2,1,5
"2353",5,3,4,1,5,5,3,4,1,5,5,3,5,5,5
"2354",4,4,1,3,4,3,4,1,1,4,5,3,1,4,5
"2355",4,3,2,3,4,3,2,2,2,2,3,1,2,4,5
"2356",2,2,1,2,4,2,5,1,1,5,2,5,1,3,5
"2357",2,3,3,4,4,4,4,3,3,5,5,4,3,4,5
"2358",4,4,1,5,5,5,5,1,5,1,5,4,1,5,5
"2359",2,5,1,2,5,2,4,1,1,4,4,3,1,3,5
"2360",5,4,5,5,3,4,3,5,2,2,1,4,4,5,5
"2361",3,4,1,2,2,1,1,1,2,3,3,3,1,2,3
"2362",4,2,4,3,3,3,2,5,3,4,2,3,4,3,4
"2363",1,2,1,1,2,1,1,1,2,3,1,1,1,2,4
"2364",5,4,1,3,3,4,5,1,3,3,4,5,1,2,5
"2365",4,3,2,2,4,2,2,3,2,4,4,3,2,2,5
"2366",5,5,1,2,5,5,2,1,1,1,5,4,1,3,5
"2367",1,1,2,5,4,4,1,2,2,4,2,2,1,4,5
"2368",4,5,3,2,4,1,5,4,2,5,4,4,4,2,5
"2369",5,5,3,5,5,5,5,3,5,5,5,4,5,5,5
"2370",5,5,0,4,4,4,5,5,4,5,5,4,3,4,5
"2371",2,1,3,1,1,2,1,4,1,1,1,1,1,1,3
"2372",1,3,1,1,1,1,3,1,5,5,3,1,1,1,5
"2373",5,5,2,4,3,3,5,3,2,4,4,2,3,2,4
"2374",2,2,1,1,1,1,2,2,1,3,3,3,1,2,3
"2375",0,3,3,4,4,4,5,5,2,3,3,3,4,4,5
"2376",4,2,3,2,4,2,2,5,3,4,2,1,4,3,4
"2377",5,5,1,5,3,4,4,1,1,4,4,3,1,5,3
"2378",5,5,2,3,5,5,3,3,2,5,4,4,1,4,5
"2379",4,4,1,2,1,3,1,1,1,3,4,3,1,3,4
"2380",1,4,2,2,1,1,4,2,1,5,1,3,1,1,4
"2381",5,1,5,5,5,5,2,5,5,5,5,2,5,5,5
"2382",1,1,1,1,4,1,1,1,1,1,1,1,1,1,4
"2383",2,2,1,1,1,1,1,2,1,5,4,1,1,3,2
"2384",3,2,1,1,1,5,2,1,2,2,5,2,1,1,5
"2385",4,1,2,4,1,0,3,1,1,5,2,1,2,2,5
"2386",5,5,2,3,4,5,5,2,3,2,5,5,3,4,5
"2387",4,2,2,2,4,2,2,2,2,4,3,2,1,4,5
"2388",1,1,1,1,1,1,1,1,1,5,1,1,1,1,3
"2389",5,5,5,5,5,5,5,5,5,5,5,5,5,5,5
"2390",3,3,1,2,3,1,3,1,1,3,3,3,1,2,3
"2391",4,3,4,3,2,3,3,4,2,4,4,3,4,3,4
"2392",5,5,5,5,5,5,5,1,1,1,5,5,1,5,5
"2393",2,4,2,3,4,2,4,2,2,2,2,3,2,2,4
"2394",4,2,3,4,4,4,4,3,3,4,5,3,2,4,5
"2395",4,5,4,4,2,4,5,4,4,4,3,4,2,2,5
"2396",4,4,4,4,5,4,5,4,3,5,5,5,0,5,5
"2397",5,4,1,3,4,4,2,1,4,5,4,2,1,4,4
"2398",1,1,1,1,1,1,1,1,1,1,1,1,1,1,1
"2399",4,5,1,5,5,4,5,5,4,5,5,5,1,2,5
"2400",5,4,2,4,4,5,3,5,3,5,4,3,5,4,4
"2401",3,2,1,2,1,2,3,1,1,2,3,1,1,2,3
"2402",4,2,1,1,2,1,1,1,2,4,4,1,1,3,5
"2403",5,2,5,5,5,5,2,5,4,5,5,4,5,5,5
"2404",4,2,2,3,5,4,2,2,1,3,4,1,2,3,5
"2405",3,3,1,1,4,1,2,1,1,4,1,1,1,1,4
"2406",3,2,1,2,3,3,2,3,3,4,3,4,3,2,4
"2407",4,4,1,1,4,4,4,1,1,2,4,4,1,5,4
"2408",2,1,1,3,4,2,1,1,1,4,2,1,1,3,1
"2409",4,4,1,3,4,3,3,1,1,4,3,4,1,3,5
"2410",5,5,1,1,3,2,4,3,1,1,5,5,1,3,5
"2411",5,5,3,5,5,5,5,5,5,2,5,5,3,5,5
"2412",3,5,3,5,5,4,5,3,5,3,3,5,3,5,4
"2413",2,1,1,1,1,2,1,1,1,1,2,1,1,2,2
"2414",2,2,1,1,1,2,2,1,1,1,2,2,1,2,4
"2415",2,2,1,1,2,2,1,1,1,2,2,2,1,1,4
"2416",5,3,1,2,1,2,1,1,1,2,2,1,1,4,3
"2417",2,2,1,1,1,2,2,2,3,5,3,2,1,1,4
"2418",4,3,1,2,2,4,2,2,2,5,2,3,2,2,4
"2419",4,2,1,2,2,4,2,1,1,4,3,2,1,5,3
"2420",3,1,1,1,2,1,1,1,1,4,4,1,1,1,4
"2421",4,4,1,1,4,4,4,1,1,4,5,4,1,4,5
"2422",2,3,5,2,4,1,2,5,3,5,2,2,4,2,5
"2423",5,5,1,4,5,5,1,5,4,5,5,3,5,5,5
"2424",1,2,1,2,2,1,1,2,1,2,2,2,1,1,2
"2425",1,1,1,1,2,1,1,1,1,2,1,1,1,1,3
"2426",4,4,1,2,4,3,2,1,1,4,2,3,2,1,4
"2427",2,2,1,1,2,1,1,1,1,2,1,1,1,1,3
"2428",5,4,1,2,5,4,1,2,2,5,4,1,2,2,4
"2429",4,1,1,2,4,4,1,2,1,4,4,1,2,1,4
"2430",5,4,3,3,3,4,4,2,3,4,3,5,4,3,5
"2431",2,2,1,1,2,1,1,1,1,5,4,1,1,4,5
"2432",1,1,1,1,1,1,1,1,1,1,1,1,1,1,2
"2433",4,1,1,1,4,4,1,1,4,1,3,1,1,4,5
"2434",1,1,1,2,2,1,1,2,1,1,1,1,1,1,4
"2435",1,3,1,1,3,1,1,1,1,4,2,2,1,4,4
"2436",2,1,1,1,2,3,1,1,1,4,3,1,1,1,3
"2437",5,1,4,2,2,2,2,5,1,5,1,1,1,5,4
"2438",1,5,1,1,1,3,1,1,1,1,5,4,1,4,5
"2439",2,2,1,4,2,1,2,1,2,4,3,3,3,4,4
"2440",4,4,2,2,4,2,3,2,2,4,4,3,2,3,4
"2441",4,1,1,1,1,4,1,1,3,1,4,1,1,1,5
"2442",4,4,4,4,2,2,2,5,4,2,4,2,5,4,4
"2443",3,1,1,1,1,1,1,1,1,1,2,1,1,1,4
"2444",1,1,1,1,1,1,1,3,1,3,1,1,1,1,3
"2445",3,1,1,3,2,1,1,2,1,3,3,1,1,3,5
"2446",1,1,1,1,1,1,1,1,1,1,1,1,1,1,3
"2447",1,1,1,1,3,1,1,1,1,1,1,1,1,1,1
"2448",1,4,1,1,1,1,1,1,1,3,2,1,1,1,2
"2449",5,5,1,5,5,5,5,1,5,5,5,5,1,4,5
"2450",5,5,4,5,4,5,4,5,4,5,5,5,5,5,5
"2451",4,2,2,3,4,2,2,5,2,4,3,2,3,3,3
"2452",4,2,1,3,4,5,1,1,4,5,1,1,1,2,3
"2453",3,2,1,2,1,1,1,1,1,1,2,0,1,3,2
"2454",2,1,1,2,1,1,1,0,1,1,2,1,1,3,2
"2455",4,4,2,3,4,4,4,2,4,4,5,4,2,3,4
"2456",3,3,3,3,2,3,3,3,2,4,3,3,3,3,4
"2457",1,1,1,1,1,1,1,1,1,2,1,1,1,1,2
"2458",5,5,1,4,5,5,5,3,3,4,4,5,2,5,5
"2459",1,2,5,1,3,1,1,5,1,1,1,1,1,1,1
"2460",5,4,1,5,1,5,3,4,5,3,5,3,2,5,5
"2461",2,1,1,3,2,2,1,1,1,3,4,1,1,2,5
"2462",5,3,1,4,3,5,4,2,1,2,3,3,3,1,5
"2463",2,2,3,2,4,2,2,3,3,4,2,2,2,2,4
"2464",5,2,1,1,5,5,4,2,3,5,5,1,1,4,5
"2465",2,1,3,1,2,3,1,3,1,2,4,1,3,1,5
"2466",3,4,2,3,4,4,2,5,2,5,3,2,4,4,5
"2467",1,1,1,1,1,1,1,1,1,1,1,1,1,1,1
"2468",4,3,2,2,3,2,3,4,2,4,3,2,3,2,4
"2469",5,5,4,5,5,5,5,1,5,4,5,4,1,4,5
"2470",2,1,1,3,3,2,1,1,1,4,3,1,1,2,4
"2471",4,2,1,2,4,2,2,2,2,4,4,4,2,2,4
"2472",2,1,1,1,1,1,2,1,1,3,3,1,1,1,4
"2473",4,4,4,3,4,5,4,5,2,2,2,4,4,3,4
"2474",5,4,1,3,4,3,3,2,3,5,4,4,3,3,5
"2475",2,3,4,3,2,5,4,4,5,5,5,3,3,4,5
"2476",1,2,1,2,2,2,2,1,2,2,4,1,1,2,4
"2477",5,5,1,2,4,2,1,1,2,5,2,4,1,4,5
"2478",5,5,3,4,5,3,4,4,2,5,4,3,1,4,5
"2479",0,0,1,4,3,4,3,1,2,3,3,3,1,5,5
"2480",5,5,3,5,5,5,5,5,5,5,4,5,5,3,5
"2481",2,1,1,2,5,1,1,1,1,4,3,1,1,3,4
"2482",5,5,5,5,5,5,5,5,5,5,5,5,5,5,5
"2483",2,1,1,4,2,1,2,1,2,2,1,1,1,2,3
"2484",1,4,2,2,3,1,1,1,1,4,1,1,1,1,4
"2485",2,4,1,4,4,4,5,2,2,2,3,5,1,4,5
"2486",5,5,3,4,5,4,5,3,3,5,4,5,4,5,5
"2487",4,4,1,1,1,4,3,1,1,4,4,4,1,2,4
"2488",5,5,5,5,5,5,5,5,5,5,5,5,5,5,5
"2489",5,5,1,1,5,5,3,5,1,1,5,3,1,5,5
"2490",1,1,1,1,2,1,1,1,1,1,0,1,1,1,1
"2491",5,2,2,2,4,4,2,2,1,4,5,4,2,2,5
"2492",1,1,1,1,1,3,1,1,1,1,2,1,1,1,3
"2493",5,5,1,5,5,5,5,1,3,1,1,5,5,5,5
"2494",2,1,4,1,1,1,1,3,1,2,1,1,1,1,4
"2495",4,4,5,4,4,4,4,5,2,2,3,3,2,2,3
